location_key,date,wikidata_id,country_name,new_confirmed,new_deceased,population,latitude,longitude,school_closing,workplace_closing,cancel_public_events,restrictions_on_gatherings,public_transport_closing,stay_at_home_requirements,restrictions_on_internal_movement,international_travel_controls,contact_tracing,stringency_index,average_temperature_celsius,minimum_temperature_celsius,maximum_temperature_celsius,rainfall_mm,snowfall_mm,dew_point,relative_humidity
AM,2020-01-01,Q399,Armenia,0.0,0.0,2963234,0,0,0,0,0,0,0,0,0,0,0,0,0,0,0,0,0,0,0
AM,2020-01-02,Q399,Armenia,0.0,0.0,2963234,0,0,0,0,0,0,0,0,0,0,0,0,0,0,0,0,0,0,0
AM,2020-01-03,Q399,Armenia,0.0,0.0,2963234,0,0,0,0,0,0,0,0,0,0,0,0,0,0,0,0,0,0,0
AM,2020-01-04,Q399,Armenia,0.0,0.0,2963234,0,0,0,0,0,0,0,0,0,0,0,0,0,0,0,0,0,0,0
AM,2020-01-05,Q399,Armenia,0.0,0.0,2963234,0,0,0,0,0,0,0,0,0,0,0,0,0,0,0,0,0,0,0
AM,2020-01-06,Q399,Armenia,0.0,0.0,2963234,0,0,0,0,0,0,0,0,0,0,0,0,0,0,0,0,0,0,0
AM,2020-01-07,Q399,Armenia,0.0,0.0,2963234,0,0,0,0,0,0,0,0,0,0,0,0,0,0,0,0,0,0,0
AM,2020-01-08,Q399,Armenia,0.0,0.0,2963234,0,0,0,0,0,0,0,0,0,0,0,0,0,0,0,0,0,0,0
AM,2020-01-09,Q399,Armenia,0.0,0.0,2963234,0,0,0,0,0,0,0,0,0,0,0,0,0,0,0,0,0,0,0
AM,2020-01-10,Q399,Armenia,0.0,0.0,2963234,0,0,0,0,0,0,0,0,0,0,0,0,0,0,0,0,0,0,0
AM,2020-01-11,Q399,Armenia,0.0,0.0,2963234,0,0,0,0,0,0,0,0,0,0,0,0,0,0,0,0,0,0,0
AM,2020-01-12,Q399,Armenia,0.0,0.0,2963234,0,0,0,0,0,0,0,0,0,0,0,0,0,0,0,0,0,0,0
AM,2020-01-13,Q399,Armenia,0.0,0.0,2963234,0,0,0,0,0,0,0,0,0,0,0,0,0,0,0,0,0,0,0
AM,2020-01-14,Q399,Armenia,0.0,0.0,2963234,0,0,0,0,0,0,0,0,0,0,0,0,0,0,0,0,0,0,0
AM,2020-01-15,Q399,Armenia,0.0,0.0,2963234,0,0,0,0,0,0,0,0,0,0,0,0,0,0,0,0,0,0,0
AM,2020-01-16,Q399,Armenia,0.0,0.0,2963234,0,0,0,0,0,0,0,0,0,0,0,0,0,0,0,0,0,0,0
AM,2020-01-17,Q399,Armenia,0.0,0.0,2963234,0,0,0,0,0,0,0,0,0,0,0,0,0,0,0,0,0,0,0
AM,2020-01-18,Q399,Armenia,0.0,0.0,2963234,0,0,0,0,0,0,0,0,0,0,0,0,0,0,0,0,0,0,0
AM,2020-01-19,Q399,Armenia,0.0,0.0,2963234,0,0,0,0,0,0,0,0,0,0,0,0,0,0,0,0,0,0,0
AM,2020-01-20,Q399,Armenia,0.0,0.0,2963234,0,0,0,0,0,0,0,0,0,0,0,0,0,0,0,0,0,0,0
AM,2020-01-21,Q399,Armenia,0.0,0.0,2963234,0,0,0,0,0,0,0,0,0,0,0,0,0,0,0,0,0,0,0
AM,2020-01-22,Q399,Armenia,0.0,0.0,2963234,0,0,0,0,0,0,0,0,0,0,0,0,0,0,0,0,0,0,0
AM,2020-01-23,Q399,Armenia,0.0,0.0,2963234,0,0,0,0,0,0,0,0,0,0,0,0,0,0,0,0,0,0,0
AM,2020-01-24,Q399,Armenia,0.0,0.0,2963234,0,0,0,0,0,0,0,0,0,0,0,0,0,0,0,0,0,0,0
AM,2020-01-25,Q399,Armenia,0.0,0.0,2963234,0,0,0,0,0,0,0,0,0,0,0,0,0,0,0,0,0,0,0
AM,2020-01-26,Q399,Armenia,0.0,0.0,2963234,0,0,0,0,0,0,0,0,0,0,0,0,0,0,0,0,0,0,0
AM,2020-01-27,Q399,Armenia,0.0,0.0,2963234,0,0,0,0,0,0,0,0,0,0,0,0,0,0,0,0,0,0,0
AM,2020-01-28,Q399,Armenia,0.0,0.0,2963234,0,0,0,0,0,0,0,0,0,0,0,0,0,0,0,0,0,0,0
AM,2020-01-29,Q399,Armenia,0.0,0.0,2963234,0,0,0,0,0,0,0,0,0,0,0,0,0,0,0,0,0,0,0
AM,2020-01-30,Q399,Armenia,0.0,0.0,2963234,0,0,0,0,0,0,0,0,0,0,0,0,0,0,0,0,0,0,0
AM,2020-01-31,Q399,Armenia,0.0,0.0,2963234,0,0,0,0,0,0,0,0,0,0,0,0,0,0,0,0,0,0,0
AM,2020-02-01,Q399,Armenia,0.0,0.0,2963234,0,0,0,0,0,0,0,0,0,0,0,0,0,0,0,0,0,0,0
AM,2020-02-02,Q399,Armenia,0.0,0.0,2963234,0,0,0,0,0,0,0,0,0,0,0,0,0,0,0,0,0,0,0
AM,2020-02-03,Q399,Armenia,0.0,0.0,2963234,0,0,0,0,0,0,0,0,0,0,0,0,0,0,0,0,0,0,0
AM,2020-02-04,Q399,Armenia,0.0,0.0,2963234,0,0,0,0,0,0,0,0,0,0,0,0,0,0,0,0,0,0,0
AM,2020-02-05,Q399,Armenia,0.0,0.0,2963234,0,0,0,0,0,0,0,0,0,0,0,0,0,0,0,0,0,0,0
AM,2020-02-06,Q399,Armenia,0.0,0.0,2963234,0,0,0,0,0,0,0,0,0,0,0,0,0,0,0,0,0,0,0
AM,2020-02-07,Q399,Armenia,0.0,0.0,2963234,0,0,0,0,0,0,0,0,0,0,0,0,0,0,0,0,0,0,0
AM,2020-02-08,Q399,Armenia,0.0,0.0,2963234,0,0,0,0,0,0,0,0,0,0,0,0,0,0,0,0,0,0,0
AM,2020-02-09,Q399,Armenia,0.0,0.0,2963234,0,0,0,0,0,0,0,0,0,0,0,0,0,0,0,0,0,0,0
AM,2020-02-10,Q399,Armenia,0.0,0.0,2963234,0,0,0,0,0,0,0,0,0,0,0,0,0,0,0,0,0,0,0
AM,2020-02-11,Q399,Armenia,0.0,0.0,2963234,0,0,0,0,0,0,0,0,0,0,0,0,0,0,0,0,0,0,0
AM,2020-02-12,Q399,Armenia,0.0,0.0,2963234,0,0,0,0,0,0,0,0,0,0,0,0,0,0,0,0,0,0,0
AM,2020-02-13,Q399,Armenia,0.0,0.0,2963234,0,0,0,0,0,0,0,0,0,0,0,0,0,0,0,0,0,0,0
AM,2020-02-14,Q399,Armenia,0.0,0.0,2963234,0,0,0,0,0,0,0,0,0,0,0,0,0,0,0,0,0,0,0
AM,2020-02-15,Q399,Armenia,0.0,0.0,2963234,0,0,0,0,0,0,0,0,0,0,0,0,0,0,0,0,0,0,0
AM,2020-02-16,Q399,Armenia,0.0,0.0,2963234,0,0,0,0,0,0,0,0,0,0,0,0,0,0,0,0,0,0,0
AM,2020-02-17,Q399,Armenia,0.0,0.0,2963234,0,0,0,0,0,0,0,0,0,0,0,0,0,0,0,0,0,0,0
AM,2020-02-18,Q399,Armenia,0.0,0.0,2963234,0,0,0,0,0,0,0,0,0,0,0,0,0,0,0,0,0,0,0
AM,2020-02-19,Q399,Armenia,0.0,0.0,2963234,0,0,0,0,0,0,0,0,0,0,0,0,0,0,0,0,0,0,0
AM,2020-02-20,Q399,Armenia,0.0,0.0,2963234,0,0,0,0,0,0,0,0,0,0,0,0,0,0,0,0,0,0,0
AM,2020-02-21,Q399,Armenia,0.0,0.0,2963234,0,0,0,0,0,0,0,0,0,0,0,0,0,0,0,0,0,0,0
AM,2020-02-22,Q399,Armenia,0.0,0.0,2963234,0,0,0,0,0,0,0,0,0,0,0,0,0,0,0,0,0,0,0
AM,2020-02-23,Q399,Armenia,0.0,0.0,2963234,0,0,0,0,0,0,0,0,0,0,0,0,0,0,0,0,0,0,0
AM,2020-02-24,Q399,Armenia,0.0,0.0,2963234,0,0,0,0,0,0,0,0,0,0,0,0,0,0,0,0,0,0,0
AM,2020-02-25,Q399,Armenia,0.0,0.0,2963234,0,0,0,0,0,0,0,0,0,0,0,0,0,0,0,0,0,0,0
AM,2020-02-26,Q399,Armenia,0.0,0.0,2963234,0,0,0,0,0,0,0,0,0,0,0,0,0,0,0,0,0,0,0
AM,2020-02-27,Q399,Armenia,0.0,0.0,2963234,0,0,0,0,0,0,0,0,0,0,0,0,0,0,0,0,0,0,0
AM,2020-02-28,Q399,Armenia,0.0,0.0,2963234,0,0,0,0,0,0,0,0,0,0,0,0,0,0,0,0,0,0,0
AM,2020-02-29,Q399,Armenia,1.0,0.0,2963234,0,0,0,0,0,0,0,0,0,0,0,0,0,0,0,0,0,0,0
AM,2020-03-01,Q399,Armenia,0.0,0.0,2963234,0,0,0,0,0,0,0,0,0,0,0,0,0,0,0,0,0,0,0
AM,2020-03-02,Q399,Armenia,0.0,0.0,2963234,0,0,0,0,0,0,0,0,0,0,0,0,0,0,0,0,0,0,0
AM,2020-03-03,Q399,Armenia,0.0,0.0,2963234,0,0,0,0,0,0,0,0,0,0,0,0,0,0,0,0,0,0,0
AM,2020-03-04,Q399,Armenia,0.0,0.0,2963234,0,0,0,0,0,0,0,0,0,0,0,0,0,0,0,0,0,0,0
AM,2020-03-05,Q399,Armenia,0.0,0.0,2963234,0,0,0,0,0,0,0,0,0,0,0,0,0,0,0,0,0,0,0
AM,2020-03-06,Q399,Armenia,0.0,0.0,2963234,0,0,0,0,0,0,0,0,0,0,0,0,0,0,0,0,0,0,0
AM,2020-03-07,Q399,Armenia,0.0,0.0,2963234,0,0,0,0,0,0,0,0,0,0,0,0,0,0,0,0,0,0,0
AM,2020-03-08,Q399,Armenia,0.0,0.0,2963234,0,0,0,0,0,0,0,0,0,0,0,0,0,0,0,0,0,0,0
AM,2020-03-09,Q399,Armenia,0.0,0.0,2963234,0,0,0,0,0,0,0,0,0,0,0,0,0,0,0,0,0,0,0
AM,2020-03-10,Q399,Armenia,3.0,0.0,2963234,0,0,0,0,0,0,0,0,0,0,0,0,0,0,0,0,0,0,0
AM,2020-03-11,Q399,Armenia,2.0,0.0,2963234,0,0,0,0,0,0,0,0,0,0,0,0,0,0,0,0,0,0,0
AM,2020-03-12,Q399,Armenia,7.0,0.0,2963234,0,0,0,0,0,0,0,0,0,0,0,0,0,0,0,0,0,0,0
AM,2020-03-13,Q399,Armenia,7.0,0.0,2963234,0,0,0,0,0,0,0,0,0,0,0,0,0,0,0,0,0,0,0
AM,2020-03-14,Q399,Armenia,8.0,0.0,2963234,0,0,0,0,0,0,0,0,0,0,0,0,0,0,0,0,0,0,0
AM,2020-03-15,Q399,Armenia,17.0,0.0,2963234,0,0,0,0,0,0,0,0,0,0,0,0,0,0,0,0,0,0,0
AM,2020-03-16,Q399,Armenia,33.0,0.0,2963234,0,0,0,0,0,0,0,0,0,0,0,0,0,0,0,0,0,0,0
AM,2020-03-17,Q399,Armenia,32.0,0.0,2963234,0,0,0,0,0,0,0,0,0,0,0,0,0,0,0,0,0,0,0
AM,2020-03-18,Q399,Armenia,26.0,0.0,2963234,0,0,0,0,0,0,0,0,0,0,0,0,0,0,0,0,0,0,0
AM,2020-03-19,Q399,Armenia,24.0,0.0,2963234,0,0,0,0,0,0,0,0,0,0,0,0,0,0,0,0,0,0,0
AM,2020-03-20,Q399,Armenia,30.0,0.0,2963234,0,0,0,0,0,0,0,0,0,0,0,0,0,0,0,0,0,0,0
AM,2020-03-21,Q399,Armenia,4.0,0.0,2963234,0,0,0,0,0,0,0,0,0,0,0,0,0,0,0,0,0,0,0
AM,2020-03-22,Q399,Armenia,41.0,0.0,2963234,0,0,0,0,0,0,0,0,0,0,0,0,0,0,0,0,0,0,0
AM,2020-03-23,Q399,Armenia,30.0,0.0,2963234,0,0,0,0,0,0,0,0,0,0,0,0,0,0,0,0,0,0,0
AM,2020-03-24,Q399,Armenia,25.0,0.0,2963234,0,0,0,0,0,0,0,0,0,0,0,0,0,0,0,0,0,0,0
AM,2020-03-25,Q399,Armenia,39.0,1.0,2963234,0,0,0,0,0,0,0,0,0,0,0,0,0,0,0,0,0,0,0
AM,2020-03-26,Q399,Armenia,43.0,0.0,2963234,0,0,0,0,0,0,0,0,0,0,0,0,0,0,0,0,0,0,0
AM,2020-03-27,Q399,Armenia,52.0,0.0,2963234,0,0,0,0,0,0,0,0,0,0,0,0,0,0,0,0,0,0,0
AM,2020-03-28,Q399,Armenia,58.0,2.0,2963234,0,0,0,0,0,0,0,0,0,0,0,0,0,0,0,0,0,0,0
AM,2020-03-29,Q399,Armenia,50.0,0.0,2963234,0,0,0,0,0,0,0,0,0,0,0,0,0,0,0,0,0,0,0
AM,2020-03-30,Q399,Armenia,39.0,0.0,2963234,0,0,0,0,0,0,0,0,0,0,0,0,0,0,0,0,0,0,0
AM,2020-03-31,Q399,Armenia,92.0,1.0,2963234,0,0,0,0,0,0,0,0,0,0,0,0,0,0,0,0,0,0,0
AM,2020-04-01,Q399,Armenia,73.0,3.0,2963234,0,0,0,0,0,0,0,0,0,0,0,0,0,0,0,0,0,0,0
AM,2020-04-02,Q399,Armenia,34.0,0.0,2963234,0,0,0,0,0,0,0,0,0,0,0,0,0,0,0,0,0,0,0
AM,2020-04-03,Q399,Armenia,52.0,0.0,2963234,0,0,0,0,0,0,0,0,0,0,0,0,0,0,0,0,0,0,0
AM,2020-04-04,Q399,Armenia,11.0,1.0,2963234,0,0,0,0,0,0,0,0,0,0,0,0,0,0,0,0,0,0,0
AM,2020-04-05,Q399,Armenia,20.0,0.0,2963234,0,0,0,0,0,0,0,0,0,0,0,0,0,0,0,0,0,0,0
AM,2020-04-06,Q399,Armenia,28.0,1.0,2963234,0,0,0,0,0,0,0,0,0,0,0,0,0,0,0,0,0,0,0
AM,2020-04-07,Q399,Armenia,40.0,1.0,2963234,0,0,0,0,0,0,0,0,0,0,0,0,0,0,0,0,0,0,0
AM,2020-04-08,Q399,Armenia,16.0,1.0,2963234,0,0,0,0,0,0,0,0,0,0,0,0,0,0,0,0,0,0,0
AM,2020-04-09,Q399,Armenia,30.0,2.0,2963234,0,0,0,0,0,0,0,0,0,0,0,0,0,0,0,0,0,0,0
AM,2020-04-10,Q399,Armenia,46.0,0.0,2963234,0,0,0,0,0,0,0,0,0,0,0,0,0,0,0,0,0,0,0
AM,2020-04-11,Q399,Armenia,26.0,1.0,2963234,0,0,0,0,0,0,0,0,0,0,0,0,0,0,0,0,0,0,0
AM,2020-04-12,Q399,Armenia,28.0,2.0,2963234,0,0,0,0,0,0,0,0,0,0,0,0,0,0,0,0,0,0,0
AM,2020-04-13,Q399,Armenia,44.0,1.0,2963234,0,0,0,0,0,0,0,0,0,0,0,0,0,0,0,0,0,0,0
AM,2020-04-14,Q399,Armenia,48.0,1.0,2963234,0,0,0,0,0,0,0,0,0,0,0,0,0,0,0,0,0,0,0
AM,2020-04-15,Q399,Armenia,42.0,1.0,2963234,0,0,0,0,0,0,0,0,0,0,0,0,0,0,0,0,0,0,0
AM,2020-04-16,Q399,Armenia,47.0,1.0,2963234,0,0,0,0,0,0,0,0,0,0,0,0,0,0,0,0,0,0,0
AM,2020-04-17,Q399,Armenia,43.0,0.0,2963234,0,0,0,0,0,0,0,0,0,0,0,0,0,0,0,0,0,0,0
AM,2020-04-18,Q399,Armenia,48.0,2.0,2963234,0,0,0,0,0,0,0,0,0,0,0,0,0,0,0,0,0,0,0
AM,2020-04-19,Q399,Armenia,62.0,2.0,2963234,0,0,0,0,0,0,0,0,0,0,0,0,0,0,0,0,0,0,0
AM,2020-04-20,Q399,Armenia,72.0,0.0,2963234,0,0,0,0,0,0,0,0,0,0,0,0,0,0,0,0,0,0,0
AM,2020-04-21,Q399,Armenia,50.0,0.0,2963234,0,0,0,0,0,0,0,0,0,0,0,0,0,0,0,0,0,0,0
AM,2020-04-22,Q399,Armenia,73.0,3.0,2963234,0,0,0,0,0,0,0,0,0,0,0,0,0,0,0,0,0,0,0
AM,2020-04-23,Q399,Armenia,81.0,1.0,2963234,0,0,0,0,0,0,0,0,0,0,0,0,0,0,0,0,0,0,0
AM,2020-04-24,Q399,Armenia,69.0,0.0,2963234,0,0,0,0,0,0,0,0,0,0,0,0,0,0,0,0,0,0,0
AM,2020-04-25,Q399,Armenia,62.0,1.0,2963234,0,0,0,0,0,0,0,0,0,0,0,0,0,0,0,0,0,0,0
AM,2020-04-26,Q399,Armenia,59.0,1.0,2963234,0,0,0,0,0,0,0,0,0,0,0,0,0,0,0,0,0,0,0
AM,2020-04-27,Q399,Armenia,65.0,0.0,2963234,0,0,0,0,0,0,0,0,0,0,0,0,0,0,0,0,0,0,0
AM,2020-04-28,Q399,Armenia,134.0,2.0,2963234,0,0,0,0,0,0,0,0,0,0,0,0,0,0,0,0,0,0,0
AM,2020-04-29,Q399,Armenia,82.0,1.0,2963234,0,0,0,0,0,0,0,0,0,0,0,0,0,0,0,0,0,0,0
AM,2020-04-30,Q399,Armenia,125.0,0.0,2963234,0,0,0,0,0,0,0,0,0,0,0,0,0,0,0,0,0,0,0
AM,2020-05-01,Q399,Armenia,113.0,2.0,2963234,0,0,0,0,0,0,0,0,0,0,0,0,0,0,0,0,0,0,0
AM,2020-05-02,Q399,Armenia,121.0,4.0,2963234,0,0,0,0,0,0,0,0,0,0,0,0,0,0,0,0,0,0,0
AM,2020-05-03,Q399,Armenia,112.0,1.0,2963234,0,0,0,0,0,0,0,0,0,0,0,0,0,0,0,0,0,0,0
AM,2020-05-04,Q399,Armenia,163.0,0.0,2963234,0,0,0,0,0,0,0,0,0,0,0,0,0,0,0,0,0,0,0
AM,2020-05-05,Q399,Armenia,102.0,2.0,2963234,0,0,0,0,0,0,0,0,0,0,0,0,0,0,0,0,0,0,0
AM,2020-05-06,Q399,Armenia,145.0,1.0,2963234,0,0,0,0,0,0,0,0,0,0,0,0,0,0,0,0,0,0,0
AM,2020-05-07,Q399,Armenia,146.0,1.0,2963234,0,0,0,0,0,0,0,0,0,0,0,0,0,0,0,0,0,0,0
AM,2020-05-08,Q399,Armenia,138.0,1.0,2963234,0,0,0,0,0,0,0,0,0,0,0,0,0,0,0,0,0,0,0
AM,2020-05-09,Q399,Armenia,79.0,1.0,2963234,0,0,0,0,0,0,0,0,0,0,0,0,0,0,0,0,0,0,0
AM,2020-05-10,Q399,Armenia,146.0,1.0,2963234,0,0,0,0,0,0,0,0,0,0,0,0,0,0,0,0,0,0,0
AM,2020-05-11,Q399,Armenia,180.0,1.0,2963234,0,0,0,0,0,0,0,0,0,0,0,0,0,0,0,0,0,0,0
AM,2020-05-12,Q399,Armenia,142.0,1.0,2963234,0,0,0,0,0,0,0,0,0,0,0,0,0,0,0,0,0,0,0
AM,2020-05-13,Q399,Armenia,184.0,3.0,2963234,0,0,0,0,0,0,0,0,0,0,0,0,0,0,0,0,0,0,0
AM,2020-05-14,Q399,Armenia,239.0,3.0,2963234,0,0,0,0,0,0,0,0,0,0,0,0,0,0,0,0,0,0,0
AM,2020-05-15,Q399,Armenia,189.0,5.0,2963234,0,0,0,0,0,0,0,0,0,0,0,0,0,0,0,0,0,0,0
AM,2020-05-16,Q399,Armenia,351.0,1.0,2963234,0,0,0,0,0,0,0,0,0,0,0,0,0,0,0,0,0,0,0
AM,2020-05-17,Q399,Armenia,218.0,3.0,2963234,0,0,0,0,0,0,0,0,0,0,0,0,0,0,0,0,0,0,0
AM,2020-05-18,Q399,Armenia,230.0,3.0,2963234,0,0,0,0,0,0,0,0,0,0,0,0,0,0,0,0,0,0,0
AM,2020-05-19,Q399,Armenia,335.0,3.0,2963234,0,0,0,0,0,0,0,0,0,0,0,0,0,0,0,0,0,0,0
AM,2020-05-20,Q399,Armenia,322.0,4.0,2963234,0,0,0,0,0,0,0,0,0,0,0,0,0,0,0,0,0,0,0
AM,2020-05-21,Q399,Armenia,374.0,3.0,2963234,0,0,0,0,0,0,0,0,0,0,0,0,0,0,0,0,0,0,0
AM,2020-05-22,Q399,Armenia,359.0,4.0,2963234,0,0,0,0,0,0,0,0,0,0,0,0,0,0,0,0,0,0,0
AM,2020-05-23,Q399,Armenia,452.0,6.0,2963234,0,0,0,0,0,0,0,0,0,0,0,0,0,0,0,0,0,0,0
AM,2020-05-24,Q399,Armenia,289.0,4.0,2963234,0,0,0,0,0,0,0,0,0,0,0,0,0,0,0,0,0,0,0
AM,2020-05-25,Q399,Armenia,372.0,7.0,2963234,0,0,0,0,0,0,0,0,0,0,0,0,0,0,0,0,0,0,0
AM,2020-05-26,Q399,Armenia,442.0,15.0,2963234,0,0,0,0,0,0,0,0,0,0,0,0,0,0,0,0,0,0,0
AM,2020-05-27,Q399,Armenia,460.0,7.0,2963234,0,0,0,0,0,0,0,0,0,0,0,0,0,0,0,0,0,0,0
AM,2020-05-28,Q399,Armenia,251.0,7.0,2963234,0,0,0,0,0,0,0,0,0,0,0,0,0,0,0,0,0,0,0
AM,2020-05-29,Q399,Armenia,355.0,4.0,2963234,0,0,0,0,0,0,0,0,0,0,0,0,0,0,0,0,0,0,0
AM,2020-05-30,Q399,Armenia,210.0,8.0,2963234,0,0,0,0,0,0,0,0,0,0,0,0,0,0,0,0,0,0,0
AM,2020-05-31,Q399,Armenia,517.0,19.0,2963234,0,0,0,0,0,0,0,0,0,0,0,0,0,0,0,0,0,0,0
AM,2020-06-01,Q399,Armenia,515.0,12.0,2963234,0,0,0,0,0,0,0,0,0,0,0,0,0,0,0,0,0,0,0
AM,2020-06-02,Q399,Armenia,697.0,6.0,2963234,0,0,0,0,0,0,0,0,0,0,0,0,0,0,0,0,0,0,0
AM,2020-06-03,Q399,Armenia,596.0,7.0,2963234,0,0,0,0,0,0,0,0,0,0,0,0,0,0,0,0,0,0,0
AM,2020-06-04,Q399,Armenia,547.0,7.0,2963234,0,0,0,0,0,0,0,0,0,0,0,0,0,0,0,0,0,0,0
AM,2020-06-05,Q399,Armenia,766.0,10.0,2963234,0,0,0,0,0,0,0,0,0,0,0,0,0,0,0,0,0,0,0
AM,2020-06-06,Q399,Armenia,195.0,11.0,2963234,0,0,0,0,0,0,0,0,0,0,0,0,0,0,0,0,0,0,0
AM,2020-06-07,Q399,Armenia,350.0,6.0,2963234,0,0,0,0,0,0,0,0,0,0,0,0,0,0,0,0,0,0,0
AM,2020-06-08,Q399,Armenia,428.0,10.0,2963234,0,0,0,0,0,0,0,0,0,0,0,0,0,0,0,0,0,0,0
AM,2020-06-09,Q399,Armenia,566.0,18.0,2963234,0,0,0,0,0,0,0,0,0,0,0,0,0,0,0,0,0,0,0
AM,2020-06-10,Q399,Armenia,612.0,13.0,2963234,0,0,0,0,0,0,0,0,0,0,0,0,0,0,0,0,0,0,0
AM,2020-06-11,Q399,Armenia,723.0,6.0,2963234,0,0,0,0,0,0,0,0,0,0,0,0,0,0,0,0,0,0,0
AM,2020-06-12,Q399,Armenia,663.0,5.0,2963234,0,0,0,0,0,0,0,0,0,0,0,0,0,0,0,0,0,0,0
AM,2020-06-13,Q399,Armenia,397.0,16.0,2963234,0,0,0,0,0,0,0,0,0,0,0,0,0,0,0,0,0,0,0
AM,2020-06-14,Q399,Armenia,425.0,8.0,2963234,0,0,0,0,0,0,0,0,0,0,0,0,0,0,0,0,0,0,0
AM,2020-06-15,Q399,Armenia,544.0,9.0,2963234,0,0,0,0,0,0,0,0,0,0,0,0,0,0,0,0,0,0,0
AM,2020-06-16,Q399,Armenia,665.0,7.0,2963234,0,0,0,0,0,0,0,0,0,0,0,0,0,0,0,0,0,0,0
AM,2020-06-17,Q399,Armenia,459.0,10.0,2963234,0,0,0,0,0,0,0,0,0,0,0,0,0,0,0,0,0,0,0
AM,2020-06-18,Q399,Armenia,551.0,13.0,2963234,0,0,0,0,0,0,0,0,0,0,0,0,0,0,0,0,0,0,0
AM,2020-06-19,Q399,Armenia,560.0,18.0,2963234,0,0,0,0,0,0,0,0,0,0,0,0,0,0,0,0,0,0,0
AM,2020-06-20,Q399,Armenia,320.0,10.0,2963234,0,0,0,0,0,0,0,0,0,0,0,0,0,0,0,0,0,0,0
AM,2020-06-21,Q399,Armenia,418.0,12.0,2963234,0,0,0,0,0,0,0,0,0,0,0,0,0,0,0,0,0,0,0
AM,2020-06-22,Q399,Armenia,711.0,14.0,2963234,0,0,0,0,0,0,0,0,0,0,0,0,0,0,0,0,0,0,0
AM,2020-06-23,Q399,Armenia,771.0,11.0,2963234,0,0,0,0,0,0,0,0,0,0,0,0,0,0,0,0,0,0,0
AM,2020-06-24,Q399,Armenia,759.0,13.0,2963234,0,0,0,0,0,0,0,0,0,0,0,0,0,0,0,0,0,0,0
AM,2020-06-25,Q399,Armenia,662.0,10.0,2963234,0,0,0,0,0,0,0,0,0,0,0,0,0,0,0,0,0,0,0
AM,2020-06-26,Q399,Armenia,736.0,6.0,2963234,0,0,0,0,0,0,0,0,0,0,0,0,0,0,0,0,0,0,0
AM,2020-06-27,Q399,Armenia,482.0,7.0,2963234,0,0,0,0,0,0,0,0,0,0,0,0,0,0,0,0,0,0,0
AM,2020-06-28,Q399,Armenia,415.0,10.0,2963234,0,0,0,0,0,0,0,0,0,0,0,0,0,0,0,0,0,0,0
AM,2020-06-29,Q399,Armenia,523.0,10.0,2963234,0,0,0,0,0,0,0,0,0,0,0,0,0,0,0,0,0,0,0
AM,2020-06-30,Q399,Armenia,593.0,6.0,2963234,0,0,0,0,0,0,0,0,0,0,0,0,0,0,0,0,0,0,0
AM,2020-07-01,Q399,Armenia,662.0,10.0,2963234,0,0,0,0,0,0,0,0,0,0,0,0,0,0,0,0,0,0,0
AM,2020-07-02,Q399,Armenia,580.0,8.0,2963234,0,0,0,0,0,0,0,0,0,0,0,0,0,0,0,0,0,0,0
AM,2020-07-03,Q399,Armenia,706.0,7.0,2963234,0,0,0,0,0,0,0,0,0,0,0,0,0,0,0,0,0,0,0
AM,2020-07-04,Q399,Armenia,330.0,7.0,2963234,0,0,0,0,0,0,0,0,0,0,0,0,0,0,0,0,0,0,0
AM,2020-07-05,Q399,Armenia,349.0,12.0,2963234,0,0,0,0,0,0,0,0,0,0,0,0,0,0,0,0,0,0,0
AM,2020-07-06,Q399,Armenia,535.0,18.0,2963234,0,0,0,0,0,0,0,0,0,0,0,0,0,0,0,0,0,0,0
AM,2020-07-07,Q399,Armenia,526.0,14.0,2963234,0,0,0,0,0,0,0,0,0,0,0,0,0,0,0,0,0,0,0
AM,2020-07-08,Q399,Armenia,557.0,11.0,2963234,0,0,0,0,0,0,0,0,0,0,0,0,0,0,0,0,0,0,0
AM,2020-07-09,Q399,Armenia,489.0,13.0,2963234,0,0,0,0,0,0,0,0,0,0,0,0,0,0,0,0,0,0,0
AM,2020-07-10,Q399,Armenia,577.0,6.0,2963234,0,0,0,0,0,0,0,0,0,0,0,0,0,0,0,0,0,0,0
AM,2020-07-11,Q399,Armenia,182.0,8.0,2963234,0,0,0,0,0,0,0,0,0,0,0,0,0,0,0,0,0,0,0
AM,2020-07-12,Q399,Armenia,339.0,8.0,2963234,0,0,0,0,0,0,0,0,0,0,0,0,0,0,0,0,0,0,0
AM,2020-07-13,Q399,Armenia,515.0,11.0,2963234,0,0,0,0,0,0,0,0,0,0,0,0,0,0,0,0,0,0,0
AM,2020-07-14,Q399,Armenia,554.0,15.0,2963234,0,0,0,0,0,0,0,0,0,0,0,0,0,0,0,0,0,0,0
AM,2020-07-15,Q399,Armenia,442.0,13.0,2963234,0,0,0,0,0,0,0,0,0,0,0,0,0,0,0,0,0,0,0
AM,2020-07-16,Q399,Armenia,461.0,11.0,2963234,0,0,0,0,0,0,0,0,0,0,0,0,0,0,0,0,0,0,0
AM,2020-07-17,Q399,Armenia,415.0,10.0,2963234,0,0,0,0,0,0,0,0,0,0,0,0,0,0,0,0,0,0,0
AM,2020-07-18,Q399,Armenia,104.0,9.0,2963234,0,0,0,0,0,0,0,0,0,0,0,0,0,0,0,0,0,0,0
AM,2020-07-19,Q399,Armenia,273.0,12.0,2963234,0,0,0,0,0,0,0,0,0,0,0,0,0,0,0,0,0,0,0
AM,2020-07-20,Q399,Armenia,439.0,16.0,2963234,0,0,0,0,0,0,0,0,0,0,0,0,0,0,0,0,0,0,0
AM,2020-07-21,Q399,Armenia,469.0,10.0,2963234,0,0,0,0,0,0,0,0,0,0,0,0,0,0,0,0,0,0,0
AM,2020-07-22,Q399,Armenia,451.0,4.0,2963234,0,0,0,0,0,0,0,0,0,0,0,0,0,0,0,0,0,0,0
AM,2020-07-23,Q399,Armenia,383.0,8.0,2963234,0,0,0,0,0,0,0,0,0,0,0,0,0,0,0,0,0,0,0
AM,2020-07-24,Q399,Armenia,321.0,5.0,2963234,0,0,0,0,0,0,0,0,0,0,0,0,0,0,0,0,0,0,0
AM,2020-07-25,Q399,Armenia,73.0,6.0,2963234,0,0,0,0,0,0,0,0,0,0,0,0,0,0,0,0,0,0,0
AM,2020-07-26,Q399,Armenia,239.0,8.0,2963234,0,0,0,0,0,0,0,0,0,0,0,0,0,0,0,0,0,0,0
AM,2020-07-27,Q399,Armenia,308.0,4.0,2963234,0,0,0,0,0,0,0,0,0,0,0,0,0,0,0,0,0,0,0
AM,2020-07-28,Q399,Armenia,259.0,5.0,2963234,0,0,0,0,0,0,0,0,0,0,0,0,0,0,0,0,0,0,0
AM,2020-07-29,Q399,Armenia,354.0,10.0,2963234,0,0,0,0,0,0,0,0,0,0,0,0,0,0,0,0,0,0,0
AM,2020-07-30,Q399,Armenia,291.0,11.0,2963234,0,0,0,0,0,0,0,0,0,0,0,0,0,0,0,0,0,0,0
AM,2020-07-31,Q399,Armenia,209.0,5.0,2963234,0,0,0,0,0,0,0,0,0,0,0,0,0,0,0,0,0,0,0
AM,2020-08-01,Q399,Armenia,52.0,8.0,2963234,0,0,0,0,0,0,0,0,0,0,0,0,0,0,0,0,0,0,0
AM,2020-08-02,Q399,Armenia,196.0,6.0,2963234,0,0,0,0,0,0,0,0,0,0,0,0,0,0,0,0,0,0,0
AM,2020-08-03,Q399,Armenia,288.0,2.0,2963234,0,0,0,0,0,0,0,0,0,0,0,0,0,0,0,0,0,0,0
AM,2020-08-04,Q399,Armenia,233.0,2.0,2963234,0,0,0,0,0,0,0,0,0,0,0,0,0,0,0,0,0,0,0
AM,2020-08-05,Q399,Armenia,166.0,5.0,2963234,0,0,0,0,0,0,0,0,0,0,0,0,0,0,0,0,0,0,0
AM,2020-08-06,Q399,Armenia,200.0,8.0,2963234,0,0,0,0,0,0,0,0,0,0,0,0,0,0,0,0,0,0,0
AM,2020-08-07,Q399,Armenia,225.0,6.0,2963234,0,0,0,0,0,0,0,0,0,0,0,0,0,0,0,0,0,0,0
AM,2020-08-08,Q399,Armenia,23.0,5.0,2963234,0,0,0,0,0,0,0,0,0,0,0,0,0,0,0,0,0,0,0
AM,2020-08-09,Q399,Armenia,160.0,7.0,2963234,0,0,0,0,0,0,0,0,0,0,0,0,0,0,0,0,0,0,0
AM,2020-08-10,Q399,Armenia,201.0,3.0,2963234,0,0,0,0,0,0,0,0,0,0,0,0,0,0,0,0,0,0,0
AM,2020-08-11,Q399,Armenia,229.0,3.0,2963234,0,0,0,0,0,0,0,0,0,0,0,0,0,0,0,0,0,0,0
AM,2020-08-12,Q399,Armenia,276.0,5.0,2963234,0,0,0,0,0,0,0,0,0,0,0,0,0,0,0,0,0,0,0
AM,2020-08-13,Q399,Armenia,196.0,3.0,2963234,0,0,0,0,0,0,0,0,0,0,0,0,0,0,0,0,0,0,0
AM,2020-08-14,Q399,Armenia,168.0,1.0,2963234,0,0,0,0,0,0,0,0,0,0,0,0,0,0,0,0,0,0,0
AM,2020-08-15,Q399,Armenia,38.0,6.0,2963234,0,0,0,0,0,0,0,0,0,0,0,0,0,0,0,0,0,0,0
AM,2020-08-16,Q399,Armenia,145.0,8.0,2963234,0,0,0,0,0,0,0,0,0,0,0,0,0,0,0,0,0,0,0
AM,2020-08-17,Q399,Armenia,210.0,1.0,2963234,0,0,0,0,0,0,0,0,0,0,0,0,0,0,0,0,0,0,0
AM,2020-08-18,Q399,Armenia,263.0,3.0,2963234,0,0,0,0,0,0,0,0,0,0,0,0,0,0,0,0,0,0,0
AM,2020-08-19,Q399,Armenia,158.0,6.0,2963234,0,0,0,0,0,0,0,0,0,0,0,0,0,0,0,0,0,0,0
AM,2020-08-20,Q399,Armenia,139.0,8.0,2963234,0,0,0,0,0,0,0,0,0,0,0,0,0,0,0,0,0,0,0
AM,2020-08-21,Q399,Armenia,176.0,2.0,2963234,0,0,0,0,0,0,0,0,0,0,0,0,0,0,0,0,0,0,0
AM,2020-08-22,Q399,Armenia,33.0,2.0,2963234,0,0,0,0,0,0,0,0,0,0,0,0,0,0,0,0,0,0,0
AM,2020-08-23,Q399,Armenia,111.0,4.0,2963234,0,0,0,0,0,0,0,0,0,0,0,0,0,0,0,0,0,0,0
AM,2020-08-24,Q399,Armenia,131.0,3.0,2963234,0,0,0,0,0,0,0,0,0,0,0,0,0,0,0,0,0,0,0
AM,2020-08-25,Q399,Armenia,203.0,3.0,2963234,0,0,0,0,0,0,0,0,0,0,0,0,0,0,0,0,0,0,0
AM,2020-08-26,Q399,Armenia,181.0,5.0,2963234,0,0,0,0,0,0,0,0,0,0,0,0,0,0,0,0,0,0,0
AM,2020-08-27,Q399,Armenia,175.0,3.0,2963234,0,0,0,0,0,0,0,0,0,0,0,0,0,0,0,0,0,0,0
AM,2020-08-28,Q399,Armenia,124.0,5.0,2963234,0,0,0,0,0,0,0,0,0,0,0,0,0,0,0,0,0,0,0
AM,2020-08-29,Q399,Armenia,31.0,2.0,2963234,0,0,0,0,0,0,0,0,0,0,0,0,0,0,0,0,0,0,0
AM,2020-08-30,Q399,Armenia,97.0,2.0,2963234,0,0,0,0,0,0,0,0,0,0,0,0,0,0,0,0,0,0,0
AM,2020-08-31,Q399,Armenia,197.0,3.0,2963234,0,0,0,0,0,0,0,0,0,0,0,0,0,0,0,0,0,0,0
AM,2020-09-01,Q399,Armenia,196.0,3.0,2963234,0,0,0,0,0,0,0,0,0,0,0,0,0,0,0,0,0,0,0
AM,2020-09-02,Q399,Armenia,190.0,4.0,2963234,0,0,0,0,0,0,0,0,0,0,0,0,0,0,0,0,0,0,0
AM,2020-09-03,Q399,Armenia,188.0,4.0,2963234,0,0,0,0,0,0,0,0,0,0,0,0,0,0,0,0,0,0,0
AM,2020-09-04,Q399,Armenia,134.0,2.0,2963234,0,0,0,0,0,0,0,0,0,0,0,0,0,0,0,0,0,0,0
AM,2020-09-05,Q399,Armenia,62.0,3.0,2963234,0,0,0,0,0,0,0,0,0,0,0,0,0,0,0,0,0,0,0
AM,2020-09-06,Q399,Armenia,108.0,3.0,2963234,0,0,0,0,0,0,0,0,0,0,0,0,0,0,0,0,0,0,0
AM,2020-09-07,Q399,Armenia,199.0,2.0,2963234,0,0,0,0,0,0,0,0,0,0,0,0,0,0,0,0,0,0,0
AM,2020-09-08,Q399,Armenia,174.0,1.0,2963234,0,0,0,0,0,0,0,0,0,0,0,0,0,0,0,0,0,0,0
AM,2020-09-09,Q399,Armenia,177.0,3.0,2963234,0,0,0,0,0,0,0,0,0,0,0,0,0,0,0,0,0,0,0
AM,2020-09-10,Q399,Armenia,172.0,2.0,2963234,0,0,0,0,0,0,0,0,0,0,0,0,0,0,0,0,0,0,0
AM,2020-09-11,Q399,Armenia,187.0,5.0,2963234,0,0,0,0,0,0,0,0,0,0,0,0,0,0,0,0,0,0,0
AM,2020-09-12,Q399,Armenia,107.0,3.0,2963234,0,0,0,0,0,0,0,0,0,0,0,0,0,0,0,0,0,0,0
AM,2020-09-13,Q399,Armenia,150.0,1.0,2963234,0,0,0,0,0,0,0,0,0,0,0,0,0,0,0,0,0,0,0
AM,2020-09-14,Q399,Armenia,257.0,3.0,2963234,0,0,0,0,0,0,0,0,0,0,0,0,0,0,0,0,0,0,0
AM,2020-09-15,Q399,Armenia,295.0,2.0,2963234,0,0,0,0,0,0,0,0,0,0,0,0,0,0,0,0,0,0,0
AM,2020-09-16,Q399,Armenia,239.0,1.0,2963234,0,0,0,0,0,0,0,0,0,0,0,0,0,0,0,0,0,0,0
AM,2020-09-17,Q399,Armenia,244.0,2.0,2963234,0,0,0,0,0,0,0,0,0,0,0,0,0,0,0,0,0,0,0
AM,2020-09-18,Q399,Armenia,277.0,2.0,2963234,0,0,0,0,0,0,0,0,0,0,0,0,0,0,0,0,0,0,0
AM,2020-09-19,Q399,Armenia,121.0,6.0,2963234,0,0,0,0,0,0,0,0,0,0,0,0,0,0,0,0,0,0,0
AM,2020-09-20,Q399,Armenia,115.0,2.0,2963234,0,0,0,0,0,0,0,0,0,0,0,0,0,0,0,0,0,0,0
AM,2020-09-21,Q399,Armenia,210.0,4.0,2963234,0,0,0,0,0,0,0,0,0,0,0,0,0,0,0,0,0,0,0
AM,2020-09-22,Q399,Armenia,374.0,3.0,2963234,0,0,0,0,0,0,0,0,0,0,0,0,0,0,0,0,0,0,0
AM,2020-09-23,Q399,Armenia,392.0,2.0,2963234,0,0,0,0,0,0,0,0,0,0,0,0,0,0,0,0,0,0,0
AM,2020-09-24,Q399,Armenia,429.0,1.0,2963234,0,0,0,0,0,0,0,0,0,0,0,0,0,0,0,0,0,0,0
AM,2020-09-25,Q399,Armenia,328.0,3.0,2963234,0,0,0,0,0,0,0,0,0,0,0,0,0,0,0,0,0,0,0
AM,2020-09-26,Q399,Armenia,174.0,6.0,2963234,0,0,0,0,0,0,0,0,0,0,0,0,0,0,0,0,0,0,0
AM,2020-09-27,Q399,Armenia,327.0,1.0,2963234,0,0,0,0,0,0,0,0,0,0,0,0,0,0,0,0,0,0,0
AM,2020-09-28,Q399,Armenia,458.0,1.0,2963234,0,0,0,0,0,0,0,0,0,0,0,0,0,0,0,0,0,0,0
AM,2020-09-29,Q399,Armenia,491.0,4.0,2963234,0,0,0,0,0,0,0,0,0,0,0,0,0,0,0,0,0,0,0
AM,2020-09-30,Q399,Armenia,532.0,3.0,2963234,0,0,0,0,0,0,0,0,0,0,0,0,0,0,0,0,0,0,0
AM,2020-10-01,Q399,Armenia,543.0,6.0,2963234,0,0,0,0,0,0,0,0,0,0,0,0,0,0,0,0,0,0,0
AM,2020-10-02,Q399,Armenia,571.0,5.0,2963234,0,0,0,0,0,0,0,0,0,0,0,0,0,0,0,0,0,0,0
AM,2020-10-03,Q399,Armenia,181.0,7.0,2963234,0,0,0,0,0,0,0,0,0,0,0,0,0,0,0,0,0,0,0
AM,2020-10-04,Q399,Armenia,406.0,6.0,2963234,0,0,0,0,0,0,0,0,0,0,0,0,0,0,0,0,0,0,0
AM,2020-10-05,Q399,Armenia,672.0,5.0,2963234,0,0,0,0,0,0,0,0,0,0,0,0,0,0,0,0,0,0,0
AM,2020-10-06,Q399,Armenia,718.0,9.0,2963234,0,0,0,0,0,0,0,0,0,0,0,0,0,0,0,0,0,0,0
AM,2020-10-07,Q399,Armenia,614.0,6.0,2963234,0,0,0,0,0,0,0,0,0,0,0,0,0,0,0,0,0,0,0
AM,2020-10-08,Q399,Armenia,649.0,6.0,2963234,0,0,0,0,0,0,0,0,0,0,0,0,0,0,0,0,0,0,0
AM,2020-10-09,Q399,Armenia,715.0,4.0,2963234,0,0,0,0,0,0,0,0,0,0,0,0,0,0,0,0,0,0,0
AM,2020-10-10,Q399,Armenia,370.0,6.0,2963234,0,0,0,0,0,0,0,0,0,0,0,0,0,0,0,0,0,0,0
AM,2020-10-11,Q399,Armenia,745.0,6.0,2963234,0,0,0,0,0,0,0,0,0,0,0,0,0,0,0,0,0,0,0
AM,2020-10-12,Q399,Armenia,1058.0,7.0,2963234,0,0,0,0,0,0,0,0,0,0,0,0,0,0,0,0,0,0,0
AM,2020-10-13,Q399,Armenia,1371.0,7.0,2963234,0,0,0,0,0,0,0,0,0,0,0,0,0,0,0,0,0,0,0
AM,2020-10-14,Q399,Armenia,1465.0,10.0,2963234,0,0,0,0,0,0,0,0,0,0,0,0,0,0,0,0,0,0,0
AM,2020-10-15,Q399,Armenia,1540.0,11.0,2963234,0,0,0,0,0,0,0,0,0,0,0,0,0,0,0,0,0,0,0
AM,2020-10-16,Q399,Armenia,1694.0,14.0,2963234,0,0,0,0,0,0,0,0,0,0,0,0,0,0,0,0,0,0,0
AM,2020-10-17,Q399,Armenia,766.0,10.0,2963234,0,0,0,0,0,0,0,0,0,0,0,0,0,0,0,0,0,0,0
AM,2020-10-18,Q399,Armenia,1234.0,10.0,2963234,0,0,0,0,0,0,0,0,0,0,0,0,0,0,0,0,0,0,0
AM,2020-10-19,Q399,Armenia,1836.0,20.0,2963234,0,0,0,0,0,0,0,0,0,0,0,0,0,0,0,0,0,0,0
AM,2020-10-20,Q399,Armenia,2306.0,10.0,2963234,0,0,0,0,0,0,0,0,0,0,0,0,0,0,0,0,0,0,0
AM,2020-10-21,Q399,Armenia,2474.0,14.0,2963234,0,0,0,0,0,0,0,0,0,0,0,0,0,0,0,0,0,0,0
AM,2020-10-22,Q399,Armenia,2213.0,12.0,2963234,0,0,0,0,0,0,0,0,0,0,0,0,0,0,0,0,0,0,0
AM,2020-10-23,Q399,Armenia,2314.0,23.0,2963234,0,0,0,0,0,0,0,0,0,0,0,0,0,0,0,0,0,0,0
AM,2020-10-24,Q399,Armenia,973.0,16.0,2963234,0,0,0,0,0,0,0,0,0,0,0,0,0,0,0,0,0,0,0
AM,2020-10-25,Q399,Armenia,1600.0,26.0,2963234,0,0,0,0,0,0,0,0,0,0,0,0,0,0,0,0,0,0,0
AM,2020-10-26,Q399,Armenia,2241.0,21.0,2963234,0,0,0,0,0,0,0,0,0,0,0,0,0,0,0,0,0,0,0
AM,2020-10-27,Q399,Armenia,2383.0,29.0,2963234,0,0,0,0,0,0,0,0,0,0,0,0,0,0,0,0,0,0,0
AM,2020-10-28,Q399,Armenia,2398.0,28.0,2963234,0,0,0,0,0,0,0,0,0,0,0,0,0,0,0,0,0,0,0
AM,2020-10-29,Q399,Armenia,2381.0,41.0,2963234,0,0,0,0,0,0,0,0,0,0,0,0,0,0,0,0,0,0,0
AM,2020-10-30,Q399,Armenia,2441.0,22.0,2963234,0,0,0,0,0,0,0,0,0,0,0,0,0,0,0,0,0,0,0
AM,2020-10-31,Q399,Armenia,1194.0,28.0,2963234,0,0,0,0,0,0,0,0,0,0,0,0,0,0,0,0,0,0,0
AM,2020-11-01,Q399,Armenia,1328.0,22.0,2963234,0,0,0,0,0,0,0,0,0,0,0,0,0,0,0,0,0,0,0
AM,2020-11-02,Q399,Armenia,2374.0,35.0,2963234,0,0,0,0,0,0,0,0,0,0,0,0,0,0,0,0,0,0,0
AM,2020-11-03,Q399,Armenia,2413.0,28.0,2963234,0,0,0,0,0,0,0,0,0,0,0,0,0,0,0,0,0,0,0
AM,2020-11-04,Q399,Armenia,2210.0,30.0,2963234,0,0,0,0,0,0,0,0,0,0,0,0,0,0,0,0,0,0,0
AM,2020-11-05,Q399,Armenia,2476.0,27.0,2963234,0,0,0,0,0,0,0,0,0,0,0,0,0,0,0,0,0,0,0
AM,2020-11-06,Q399,Armenia,2175.0,26.0,2963234,0,0,0,0,0,0,0,0,0,0,0,0,0,0,0,0,0,0,0
AM,2020-11-07,Q399,Armenia,1042.0,21.0,2963234,0,0,0,0,0,0,0,0,0,0,0,0,0,0,0,0,0,0,0
AM,2020-11-08,Q399,Armenia,1221.0,29.0,2963234,0,0,0,0,0,0,0,0,0,0,0,0,0,0,0,0,0,0,0
AM,2020-11-09,Q399,Armenia,1861.0,27.0,2963234,0,0,0,0,0,0,0,0,0,0,0,0,0,0,0,0,0,0,0
AM,2020-11-10,Q399,Armenia,2132.0,32.0,2963234,0,0,0,0,0,0,0,0,0,0,0,0,0,0,0,0,0,0,0
AM,2020-11-11,Q399,Armenia,1703.0,29.0,2963234,0,0,0,0,0,0,0,0,0,0,0,0,0,0,0,0,0,0,0
AM,2020-11-12,Q399,Armenia,1472.0,41.0,2963234,0,0,0,0,0,0,0,0,0,0,0,0,0,0,0,0,0,0,0
AM,2020-11-13,Q399,Armenia,1482.0,25.0,2963234,0,0,0,0,0,0,0,0,0,0,0,0,0,0,0,0,0,0,0
AM,2020-11-14,Q399,Armenia,549.0,25.0,2963234,0,0,0,0,0,0,0,0,0,0,0,0,0,0,0,0,0,0,0
AM,2020-11-15,Q399,Armenia,984.0,23.0,2963234,0,0,0,0,0,0,0,0,0,0,0,0,0,0,0,0,0,0,0
AM,2020-11-16,Q399,Armenia,1589.0,28.0,2963234,0,0,0,0,0,0,0,0,0,0,0,0,0,0,0,0,0,0,0
AM,2020-11-17,Q399,Armenia,1520.0,31.0,2963234,0,0,0,0,0,0,0,0,0,0,0,0,0,0,0,0,0,0,0
AM,2020-11-18,Q399,Armenia,1667.0,30.0,2963234,0,0,0,0,0,0,0,0,0,0,0,0,0,0,0,0,0,0,0
AM,2020-11-19,Q399,Armenia,1193.0,31.0,2963234,0,0,0,0,0,0,0,0,0,0,0,0,0,0,0,0,0,0,0
AM,2020-11-20,Q399,Armenia,1385.0,21.0,2963234,0,0,0,0,0,0,0,0,0,0,0,0,0,0,0,0,0,0,0
AM,2020-11-21,Q399,Armenia,485.0,24.0,2963234,0,0,0,0,0,0,0,0,0,0,0,0,0,0,0,0,0,0,0
AM,2020-11-22,Q399,Armenia,813.0,26.0,2963234,0,0,0,0,0,0,0,0,0,0,0,0,0,0,0,0,0,0,0
AM,2020-11-23,Q399,Armenia,1563.0,38.0,2963234,0,0,0,0,0,0,0,0,0,0,0,0,0,0,0,0,0,0,0
AM,2020-11-24,Q399,Armenia,1785.0,28.0,2963234,0,0,0,0,0,0,0,0,0,0,0,0,0,0,0,0,0,0,0
AM,2020-11-25,Q399,Armenia,1476.0,22.0,2963234,0,0,0,0,0,0,0,0,0,0,0,0,0,0,0,0,0,0,0
AM,2020-11-26,Q399,Armenia,1248.0,31.0,2963234,0,0,0,0,0,0,0,0,0,0,0,0,0,0,0,0,0,0,0
AM,2020-11-27,Q399,Armenia,1174.0,21.0,2963234,0,0,0,0,0,0,0,0,0,0,0,0,0,0,0,0,0,0,0
AM,2020-11-28,Q399,Armenia,356.0,22.0,2963234,0,0,0,0,0,0,0,0,0,0,0,0,0,0,0,0,0,0,0
AM,2020-11-29,Q399,Armenia,843.0,29.0,2963234,0,0,0,0,0,0,0,0,0,0,0,0,0,0,0,0,0,0,0
AM,2020-11-30,Q399,Armenia,1264.0,35.0,2963234,0,0,0,0,0,0,0,0,0,0,0,0,0,0,0,0,0,0,0
AM,2020-12-01,Q399,Armenia,1277.0,26.0,2963234,0,0,0,0,0,0,0,0,0,0,0,0,0,0,0,0,0,0,0
AM,2020-12-02,Q399,Armenia,1184.0,23.0,2963234,0,0,0,0,0,0,0,0,0,0,0,0,0,0,0,0,0,0,0
AM,2020-12-03,Q399,Armenia,1267.0,32.0,2963234,0,0,0,0,0,0,0,0,0,0,0,0,0,0,0,0,0,0,0
AM,2020-12-04,Q399,Armenia,978.0,17.0,2963234,0,0,0,0,0,0,0,0,0,0,0,0,0,0,0,0,0,0,0
AM,2020-12-05,Q399,Armenia,407.0,18.0,2963234,0,0,0,0,0,0,0,0,0,0,0,0,0,0,0,0,0,0,0
AM,2020-12-06,Q399,Armenia,584.0,28.0,2963234,0,0,0,0,0,0,0,0,0,0,0,0,0,0,0,0,0,0,0
AM,2020-12-07,Q399,Armenia,1138.0,21.0,2963234,0,0,0,0,0,0,0,0,0,0,0,0,0,0,0,0,0,0,0
AM,2020-12-08,Q399,Armenia,1174.0,23.0,2963234,0,0,0,0,0,0,0,0,0,0,0,0,0,0,0,0,0,0,0
AM,2020-12-09,Q399,Armenia,1077.0,29.0,2963234,0,0,0,0,0,0,0,0,0,0,0,0,0,0,0,0,0,0,0
AM,2020-12-10,Q399,Armenia,995.0,17.0,2963234,0,0,0,0,0,0,0,0,0,0,0,0,0,0,0,0,0,0,0
AM,2020-12-11,Q399,Armenia,1013.0,24.0,2963234,0,0,0,0,0,0,0,0,0,0,0,0,0,0,0,0,0,0,0
AM,2020-12-12,Q399,Armenia,357.0,17.0,2963234,0,0,0,0,0,0,0,0,0,0,0,0,0,0,0,0,0,0,0
AM,2020-12-13,Q399,Armenia,438.0,26.0,2963234,0,0,0,0,0,0,0,0,0,0,0,0,0,0,0,0,0,0,0
AM,2020-12-14,Q399,Armenia,1098.0,27.0,2963234,0,0,0,0,0,0,0,0,0,0,0,0,0,0,0,0,0,0,0
AM,2020-12-15,Q399,Armenia,1174.0,25.0,2963234,0,0,0,0,0,0,0,0,0,0,0,0,0,0,0,0,0,0,0
AM,2020-12-16,Q399,Armenia,861.0,15.0,2963234,0,0,0,0,0,0,0,0,0,0,0,0,0,0,0,0,0,0,0
AM,2020-12-17,Q399,Armenia,920.0,20.0,2963234,0,0,0,0,0,0,0,0,0,0,0,0,0,0,0,0,0,0,0
AM,2020-12-18,Q399,Armenia,652.0,14.0,2963234,0,0,0,0,0,0,0,0,0,0,0,0,0,0,0,0,0,0,0
AM,2020-12-19,Q399,Armenia,240.0,26.0,2963234,0,0,0,0,0,0,0,0,0,0,0,0,0,0,0,0,0,0,0
AM,2020-12-20,Q399,Armenia,537.0,17.0,2963234,0,0,0,0,0,0,0,0,0,0,0,0,0,0,0,0,0,0,0
AM,2020-12-21,Q399,Armenia,838.0,18.0,2963234,0,0,0,0,0,0,0,0,0,0,0,0,0,0,0,0,0,0,0
AM,2020-12-22,Q399,Armenia,702.0,23.0,2963234,0,0,0,0,0,0,0,0,0,0,0,0,0,0,0,0,0,0,0
AM,2020-12-23,Q399,Armenia,621.0,19.0,2963234,0,0,0,0,0,0,0,0,0,0,0,0,0,0,0,0,0,0,0
AM,2020-12-24,Q399,Armenia,586.0,19.0,2963234,0,0,0,0,0,0,0,0,0,0,0,0,0,0,0,0,0,0,0
AM,2020-12-25,Q399,Armenia,485.0,16.0,2963234,0,0,0,0,0,0,0,0,0,0,0,0,0,0,0,0,0,0,0
AM,2020-12-26,Q399,Armenia,114.0,7.0,2963234,0,0,0,0,0,0,0,0,0,0,0,0,0,0,0,0,0,0,0
AM,2020-12-27,Q399,Armenia,348.0,22.0,2963234,0,0,0,0,0,0,0,0,0,0,0,0,0,0,0,0,0,0,0
AM,2020-12-28,Q399,Armenia,582.0,10.0,2963234,0,0,0,0,0,0,0,0,0,0,0,0,0,0,0,0,0,0,0
AM,2020-12-29,Q399,Armenia,531.0,16.0,2963234,0,0,0,0,0,0,0,0,0,0,0,0,0,0,0,0,0,0,0
AM,2020-12-30,Q399,Armenia,329.0,5.0,2963234,0,0,0,0,0,0,0,0,0,0,0,0,0,0,0,0,0,0,0
AM,2020-12-31,Q399,Armenia,60.0,8.0,2963234,0,0,0,0,0,0,0,0,0,0,0,0,0,0,0,0,0,0,0
AM,2021-01-01,Q399,Armenia,229.0,14.0,2963234,0,0,0,0,0,0,0,0,0,0,0,0,0,0,0,0,0,0,0
AM,2021-01-02,Q399,Armenia,193.0,14.0,2963234,0,0,0,0,0,0,0,0,0,0,0,0,0,0,0,0,0,0,0
AM,2021-01-03,Q399,Armenia,324.0,14.0,2963234,0,0,0,0,0,0,0,0,0,0,0,0,0,0,0,0,0,0,0
AM,2021-01-04,Q399,Armenia,309.0,12.0,2963234,0,0,0,0,0,0,0,0,0,0,0,0,0,0,0,0,0,0,0
AM,2021-01-05,Q399,Armenia,201.0,11.0,2963234,0,0,0,0,0,0,0,0,0,0,0,0,0,0,0,0,0,0,0
AM,2021-01-06,Q399,Armenia,361.0,7.0,2963234,0,0,0,0,0,0,0,0,0,0,0,0,0,0,0,0,0,0,0
AM,2021-01-07,Q399,Armenia,379.0,14.0,2963234,0,0,0,0,0,0,0,0,0,0,0,0,0,0,0,0,0,0,0
AM,2021-01-08,Q399,Armenia,337.0,7.0,2963234,0,0,0,0,0,0,0,0,0,0,0,0,0,0,0,0,0,0,0
AM,2021-01-09,Q399,Armenia,157.0,2.0,2963234,0,0,0,0,0,0,0,0,0,0,0,0,0,0,0,0,0,0,0
AM,2021-01-10,Q399,Armenia,355.0,10.0,2963234,0,0,0,0,0,0,0,0,0,0,0,0,0,0,0,0,0,0,0
AM,2021-01-11,Q399,Armenia,485.0,10.0,2963234,0,0,0,0,0,0,0,0,0,0,0,0,0,0,0,0,0,0,0
AM,2021-01-12,Q399,Armenia,448.0,12.0,2963234,0,0,0,0,0,0,0,0,0,0,0,0,0,0,0,0,0,0,0
AM,2021-01-13,Q399,Armenia,396.0,11.0,2963234,0,0,0,0,0,0,0,0,0,0,0,0,0,0,0,0,0,0,0
AM,2021-01-14,Q399,Armenia,263.0,13.0,2963234,0,0,0,0,0,0,0,0,0,0,0,0,0,0,0,0,0,0,0
AM,2021-01-15,Q399,Armenia,351.0,5.0,2963234,0,0,0,0,0,0,0,0,0,0,0,0,0,0,0,0,0,0,0
AM,2021-01-16,Q399,Armenia,90.0,6.0,2963234,0,0,0,0,0,0,0,0,0,0,0,0,0,0,0,0,0,0,0
AM,2021-01-17,Q399,Armenia,236.0,9.0,2963234,0,0,0,0,0,0,0,0,0,0,0,0,0,0,0,0,0,0,0
AM,2021-01-18,Q399,Armenia,309.0,9.0,2963234,0,0,0,0,0,0,0,0,0,0,0,0,0,0,0,0,0,0,0
AM,2021-01-19,Q399,Armenia,307.0,5.0,2963234,0,0,0,0,0,0,0,0,0,0,0,0,0,0,0,0,0,0,0
AM,2021-01-20,Q399,Armenia,183.0,9.0,2963234,0,0,0,0,0,0,0,0,0,0,0,0,0,0,0,0,0,0,0
AM,2021-01-21,Q399,Armenia,198.0,4.0,2963234,0,0,0,0,0,0,0,0,0,0,0,0,0,0,0,0,0,0,0
AM,2021-01-22,Q399,Armenia,127.0,5.0,2963234,0,0,0,0,0,0,0,0,0,0,0,0,0,0,0,0,0,0,0
AM,2021-01-23,Q399,Armenia,58.0,8.0,2963234,0,0,0,0,0,0,0,0,0,0,0,0,0,0,0,0,0,0,0
AM,2021-01-24,Q399,Armenia,138.0,5.0,2963234,0,0,0,0,0,0,0,0,0,0,0,0,0,0,0,0,0,0,0
AM,2021-01-25,Q399,Armenia,195.0,4.0,2963234,0,0,0,0,0,0,0,0,0,0,0,0,0,0,0,0,0,0,0
AM,2021-01-26,Q399,Armenia,242.0,11.0,2963234,0,0,0,0,0,0,0,0,0,0,0,0,0,0,0,0,0,0,0
AM,2021-01-27,Q399,Armenia,59.0,2.0,2963234,0,0,0,0,0,0,0,0,0,0,0,0,0,0,0,0,0,0,0
AM,2021-01-28,Q399,Armenia,173.0,2.0,2963234,0,0,0,0,0,0,0,0,0,0,0,0,0,0,0,0,0,0,0
AM,2021-01-29,Q399,Armenia,125.0,9.0,2963234,0,0,0,0,0,0,0,0,0,0,0,0,0,0,0,0,0,0,0
AM,2021-01-30,Q399,Armenia,62.0,4.0,2963234,0,0,0,0,0,0,0,0,0,0,0,0,0,0,0,0,0,0,0
AM,2021-01-31,Q399,Armenia,143.0,5.0,2963234,0,0,0,0,0,0,0,0,0,0,0,0,0,0,0,0,0,0,0
AM,2021-02-01,Q399,Armenia,190.0,7.0,2963234,0,0,0,0,0,0,0,0,0,0,0,0,0,0,0,0,0,0,0
AM,2021-02-02,Q399,Armenia,147.0,11.0,2963234,0,0,0,0,0,0,0,0,0,0,0,0,0,0,0,0,0,0,0
AM,2021-02-03,Q399,Armenia,158.0,2.0,2963234,0,0,0,0,0,0,0,0,0,0,0,0,0,0,0,0,0,0,0
AM,2021-02-04,Q399,Armenia,211.0,5.0,2963234,0,0,0,0,0,0,0,0,0,0,0,0,0,0,0,0,0,0,0
AM,2021-02-05,Q399,Armenia,151.0,3.0,2963234,0,0,0,0,0,0,0,0,0,0,0,0,0,0,0,0,0,0,0
AM,2021-02-06,Q399,Armenia,89.0,6.0,2963234,0,0,0,0,0,0,0,0,0,0,0,0,0,0,0,0,0,0,0
AM,2021-02-07,Q399,Armenia,123.0,3.0,2963234,0,0,0,0,0,0,0,0,0,0,0,0,0,0,0,0,0,0,0
AM,2021-02-08,Q399,Armenia,196.0,4.0,2963234,0,0,0,0,0,0,0,0,0,0,0,0,0,0,0,0,0,0,0
AM,2021-02-09,Q399,Armenia,180.0,5.0,2963234,0,0,0,0,0,0,0,0,0,0,0,0,0,0,0,0,0,0,0
AM,2021-02-10,Q399,Armenia,154.0,3.0,2963234,0,0,0,0,0,0,0,0,0,0,0,0,0,0,0,0,0,0,0
AM,2021-02-11,Q399,Armenia,192.0,2.0,2963234,0,0,0,0,0,0,0,0,0,0,0,0,0,0,0,0,0,0,0
AM,2021-02-12,Q399,Armenia,145.0,1.0,2963234,0,0,0,0,0,0,0,0,0,0,0,0,0,0,0,0,0,0,0
AM,2021-02-13,Q399,Armenia,88.0,6.0,2963234,0,0,0,0,0,0,0,0,0,0,0,0,0,0,0,0,0,0,0
AM,2021-02-14,Q399,Armenia,136.0,3.0,2963234,0,0,0,0,0,0,0,0,0,0,0,0,0,0,0,0,0,0,0
AM,2021-02-15,Q399,Armenia,206.0,5.0,2963234,0,0,0,0,0,0,0,0,0,0,0,0,0,0,0,0,0,0,0
AM,2021-02-16,Q399,Armenia,223.0,1.0,2963234,0,0,0,0,0,0,0,0,0,0,0,0,0,0,0,0,0,0,0
AM,2021-02-17,Q399,Armenia,191.0,2.0,2963234,0,0,0,0,0,0,0,0,0,0,0,0,0,0,0,0,0,0,0
AM,2021-02-18,Q399,Armenia,223.0,1.0,2963234,0,0,0,0,0,0,0,0,0,0,0,0,0,0,0,0,0,0,0
AM,2021-02-19,Q399,Armenia,168.0,5.0,2963234,0,0,0,0,0,0,0,0,0,0,0,0,0,0,0,0,0,0,0
AM,2021-02-20,Q399,Armenia,104.0,3.0,2963234,0,0,0,0,0,0,0,0,0,0,0,0,0,0,0,0,0,0,0
AM,2021-02-21,Q399,Armenia,166.0,4.0,2963234,0,0,0,0,0,0,0,0,0,0,0,0,0,0,0,0,0,0,0
AM,2021-02-22,Q399,Armenia,273.0,4.0,2963234,0,0,0,0,0,0,0,0,0,0,0,0,0,0,0,0,0,0,0
AM,2021-02-23,Q399,Armenia,282.0,4.0,2963234,0,0,0,0,0,0,0,0,0,0,0,0,0,0,0,0,0,0,0
AM,2021-02-24,Q399,Armenia,283.0,4.0,2963234,0,0,0,0,0,0,0,0,0,0,0,0,0,0,0,0,0,0,0
AM,2021-02-25,Q399,Armenia,283.0,7.0,2963234,0,0,0,0,0,0,0,0,0,0,0,0,0,0,0,0,0,0,0
AM,2021-02-26,Q399,Armenia,265.0,2.0,2963234,0,0,0,0,0,0,0,0,0,0,0,0,0,0,0,0,0,0,0
AM,2021-02-27,Q399,Armenia,158.0,3.0,2963234,0,0,0,0,0,0,0,0,0,0,0,0,0,0,0,0,0,0,0
AM,2021-02-28,Q399,Armenia,240.0,5.0,2963234,0,0,0,0,0,0,0,0,0,0,0,0,0,0,0,0,0,0,0
AM,2021-03-01,Q399,Armenia,360.0,2.0,2963234,0,0,0,0,0,0,0,0,0,0,0,0,0,0,0,0,0,0,0
AM,2021-03-02,Q399,Armenia,491.0,6.0,2963234,0,0,0,0,0,0,0,0,0,0,0,0,0,0,0,0,0,0,0
AM,2021-03-03,Q399,Armenia,442.0,7.0,2963234,0,0,0,0,0,0,0,0,0,0,0,0,0,0,0,0,0,0,0
AM,2021-03-04,Q399,Armenia,508.0,4.0,2963234,0,0,0,0,0,0,0,0,0,0,0,0,0,0,0,0,0,0,0
AM,2021-03-05,Q399,Armenia,422.0,2.0,2963234,0,0,0,0,0,0,0,0,0,0,0,0,0,0,0,0,0,0,0
AM,2021-03-06,Q399,Armenia,337.0,4.0,2963234,0,0,0,0,0,0,0,0,0,0,0,0,0,0,0,0,0,0,0
AM,2021-03-07,Q399,Armenia,182.0,7.0,2963234,0,0,0,0,0,0,0,0,0,0,0,0,0,0,0,0,0,0,0
AM,2021-03-08,Q399,Armenia,340.0,5.0,2963234,0,0,0,0,0,0,0,0,0,0,0,0,0,0,0,0,0,0,0
AM,2021-03-09,Q399,Armenia,748.0,2.0,2963234,0,0,0,0,0,0,0,0,0,0,0,0,0,0,0,0,0,0,0
AM,2021-03-10,Q399,Armenia,818.0,4.0,2963234,0,0,0,0,0,0,0,0,0,0,0,0,0,0,0,0,0,0,0
AM,2021-03-11,Q399,Armenia,795.0,10.0,2963234,0,0,0,0,0,0,0,0,0,0,0,0,0,0,0,0,0,0,0
AM,2021-03-12,Q399,Armenia,486.0,2.0,2963234,0,0,0,0,0,0,0,0,0,0,0,0,0,0,0,0,0,0,0
AM,2021-03-13,Q399,Armenia,317.0,10.0,2963234,0,0,0,0,0,0,0,0,0,0,0,0,0,0,0,0,0,0,0
AM,2021-03-14,Q399,Armenia,585.0,12.0,2963234,0,0,0,0,0,0,0,0,0,0,0,0,0,0,0,0,0,0,0
AM,2021-03-15,Q399,Armenia,854.0,5.0,2963234,0,0,0,0,0,0,0,0,0,0,0,0,0,0,0,0,0,0,0
AM,2021-03-16,Q399,Armenia,1024.0,19.0,2963234,0,0,0,0,0,0,0,0,0,0,0,0,0,0,0,0,0,0,0
AM,2021-03-17,Q399,Armenia,891.0,19.0,2963234,0,0,0,0,0,0,0,0,0,0,0,0,0,0,0,0,0,0,0
AM,2021-03-18,Q399,Armenia,1071.0,12.0,2963234,0,0,0,0,0,0,0,0,0,0,0,0,0,0,0,0,0,0,0
AM,2021-03-19,Q399,Armenia,586.0,16.0,2963234,0,0,0,0,0,0,0,0,0,0,0,0,0,0,0,0,0,0,0
AM,2021-03-20,Q399,Armenia,506.0,12.0,2963234,0,0,0,0,0,0,0,0,0,0,0,0,0,0,0,0,0,0,0
AM,2021-03-21,Q399,Armenia,801.0,24.0,2963234,0,0,0,0,0,0,0,0,0,0,0,0,0,0,0,0,0,0,0
AM,2021-03-22,Q399,Armenia,1164.0,14.0,2963234,0,0,0,0,0,0,0,0,0,0,0,0,0,0,0,0,0,0,0
AM,2021-03-23,Q399,Armenia,1257.0,18.0,2963234,0,0,0,0,0,0,0,0,0,0,0,0,0,0,0,0,0,0,0
AM,2021-03-24,Q399,Armenia,1005.0,18.0,2963234,0,0,0,0,0,0,0,0,0,0,0,0,0,0,0,0,0,0,0
AM,2021-03-25,Q399,Armenia,1094.0,16.0,2963234,0,0,0,0,0,0,0,0,0,0,0,0,0,0,0,0,0,0,0
AM,2021-03-26,Q399,Armenia,777.0,14.0,2963234,0,0,0,0,0,0,0,0,0,0,0,0,0,0,0,0,0,0,0
AM,2021-03-27,Q399,Armenia,424.0,12.0,2963234,0,0,0,0,0,0,0,0,0,0,0,0,0,0,0,0,0,0,0
AM,2021-03-28,Q399,Armenia,750.0,21.0,2963234,0,0,0,0,0,0,0,0,0,0,0,0,0,0,0,0,0,0,0
AM,2021-03-29,Q399,Armenia,1148.0,18.0,2963234,0,0,0,0,0,0,0,0,0,0,0,0,0,0,0,0,0,0,0
AM,2021-03-30,Q399,Armenia,1097.0,18.0,2963234,0,0,0,0,0,0,0,0,0,0,0,0,0,0,0,0,0,0,0
AM,2021-03-31,Q399,Armenia,1116.0,19.0,2963234,0,0,0,0,0,0,0,0,0,0,0,0,0,0,0,0,0,0,0
AM,2021-04-01,Q399,Armenia,1192.0,23.0,2963234,0,0,0,0,0,0,0,0,0,0,0,0,0,0,0,0,0,0,0
AM,2021-04-02,Q399,Armenia,590.0,17.0,2963234,0,0,0,0,0,0,0,0,0,0,0,0,0,0,0,0,0,0,0
AM,2021-04-03,Q399,Armenia,479.0,22.0,2963234,0,0,0,0,0,0,0,0,0,0,0,0,0,0,0,0,0,0,0
AM,2021-04-04,Q399,Armenia,760.0,13.0,2963234,0,0,0,0,0,0,0,0,0,0,0,0,0,0,0,0,0,0,0
AM,2021-04-05,Q399,Armenia,1025.0,20.0,2963234,0,0,0,0,0,0,0,0,0,0,0,0,0,0,0,0,0,0,0
AM,2021-04-06,Q399,Armenia,1231.0,28.0,2963234,0,0,0,0,0,0,0,0,0,0,0,0,0,0,0,0,0,0,0
AM,2021-04-07,Q399,Armenia,1029.0,22.0,2963234,0,0,0,0,0,0,0,0,0,0,0,0,0,0,0,0,0,0,0
AM,2021-04-08,Q399,Armenia,1009.0,23.0,2963234,0,0,0,0,0,0,0,0,0,0,0,0,0,0,0,0,0,0,0
AM,2021-04-09,Q399,Armenia,650.0,15.0,2963234,0,0,0,0,0,0,0,0,0,0,0,0,0,0,0,0,0,0,0
AM,2021-04-10,Q399,Armenia,510.0,18.0,2963234,0,0,0,0,0,0,0,0,0,0,0,0,0,0,0,0,0,0,0
AM,2021-04-11,Q399,Armenia,726.0,22.0,2963234,0,0,0,0,0,0,0,0,0,0,0,0,0,0,0,0,0,0,0
AM,2021-04-12,Q399,Armenia,1075.0,19.0,2963234,0,0,0,0,0,0,0,0,0,0,0,0,0,0,0,0,0,0,0
AM,2021-04-13,Q399,Armenia,1014.0,23.0,2963234,0,0,0,0,0,0,0,0,0,0,0,0,0,0,0,0,0,0,0
AM,2021-04-14,Q399,Armenia,961.0,18.0,2963234,0,0,0,0,0,0,0,0,0,0,0,0,0,0,0,0,0,0,0
AM,2021-04-15,Q399,Armenia,870.0,24.0,2963234,0,0,0,0,0,0,0,0,0,0,0,0,0,0,0,0,0,0,0
AM,2021-04-16,Q399,Armenia,547.0,19.0,2963234,0,0,0,0,0,0,0,0,0,0,0,0,0,0,0,0,0,0,0
AM,2021-04-17,Q399,Armenia,298.0,17.0,2963234,0,0,0,0,0,0,0,0,0,0,0,0,0,0,0,0,0,0,0
AM,2021-04-18,Q399,Armenia,667.0,24.0,2963234,0,0,0,0,0,0,0,0,0,0,0,0,0,0,0,0,0,0,0
AM,2021-04-19,Q399,Armenia,1033.0,25.0,2963234,0,0,0,0,0,0,0,0,0,0,0,0,0,0,0,0,0,0,0
AM,2021-04-20,Q399,Armenia,881.0,25.0,2963234,0,0,0,0,0,0,0,0,0,0,0,0,0,0,0,0,0,0,0
AM,2021-04-21,Q399,Armenia,715.0,15.0,2963234,0,0,0,0,0,0,0,0,0,0,0,0,0,0,0,0,0,0,0
AM,2021-04-22,Q399,Armenia,764.0,17.0,2963234,0,0,0,0,0,0,0,0,0,0,0,0,0,0,0,0,0,0,0
AM,2021-04-23,Q399,Armenia,410.0,17.0,2963234,0,0,0,0,0,0,0,0,0,0,0,0,0,0,0,0,0,0,0
AM,2021-04-24,Q399,Armenia,181.0,22.0,2963234,0,0,0,0,0,0,0,0,0,0,0,0,0,0,0,0,0,0,0
AM,2021-04-25,Q399,Armenia,595.0,18.0,2963234,0,0,0,0,0,0,0,0,0,0,0,0,0,0,0,0,0,0,0
AM,2021-04-26,Q399,Armenia,808.0,13.0,2963234,0,0,0,0,0,0,0,0,0,0,0,0,0,0,0,0,0,0,0
AM,2021-04-27,Q399,Armenia,656.0,16.0,2963234,0,0,0,0,0,0,0,0,0,0,0,0,0,0,0,0,0,0,0
AM,2021-04-28,Q399,Armenia,536.0,21.0,2963234,0,0,0,0,0,0,0,0,0,0,0,0,0,0,0,0,0,0,0
AM,2021-04-29,Q399,Armenia,532.0,20.0,2963234,0,0,0,0,0,0,0,0,0,0,0,0,0,0,0,0,0,0,0
AM,2021-04-30,Q399,Armenia,267.0,11.0,2963234,0,0,0,0,0,0,0,0,0,0,0,0,0,0,0,0,0,0,0
AM,2021-05-01,Q399,Armenia,145.0,10.0,2963234,0,0,0,0,0,0,0,0,0,0,0,0,0,0,0,0,0,0,0
AM,2021-05-02,Q399,Armenia,399.0,16.0,2963234,0,0,0,0,0,0,0,0,0,0,0,0,0,0,0,0,0,0,0
AM,2021-05-03,Q399,Armenia,493.0,13.0,2963234,0,0,0,0,0,0,0,0,0,0,0,0,0,0,0,0,0,0,0
AM,2021-05-04,Q399,Armenia,425.0,14.0,2963234,0,0,0,0,0,0,0,0,0,0,0,0,0,0,0,0,0,0,0
AM,2021-05-05,Q399,Armenia,356.0,17.0,2963234,0,0,0,0,0,0,0,0,0,0,0,0,0,0,0,0,0,0,0
AM,2021-05-06,Q399,Armenia,411.0,16.0,2963234,0,0,0,0,0,0,0,0,0,0,0,0,0,0,0,0,0,0,0
AM,2021-05-07,Q399,Armenia,178.0,9.0,2963234,0,0,0,0,0,0,0,0,0,0,0,0,0,0,0,0,0,0,0
AM,2021-05-08,Q399,Armenia,83.0,15.0,2963234,0,0,0,0,0,0,0,0,0,0,0,0,0,0,0,0,0,0,0
AM,2021-05-09,Q399,Armenia,243.0,7.0,2963234,0,0,0,0,0,0,0,0,0,0,0,0,0,0,0,0,0,0,0
AM,2021-05-10,Q399,Armenia,354.0,16.0,2963234,0,0,0,0,0,0,0,0,0,0,0,0,0,0,0,0,0,0,0
AM,2021-05-11,Q399,Armenia,267.0,19.0,2963234,0,0,0,0,0,0,0,0,0,0,0,0,0,0,0,0,0,0,0
AM,2021-05-12,Q399,Armenia,230.0,10.0,2963234,0,0,0,0,0,0,0,0,0,0,0,0,0,0,0,0,0,0,0
AM,2021-05-13,Q399,Armenia,282.0,13.0,2963234,0,0,0,0,0,0,0,0,0,0,0,0,0,0,0,0,0,0,0
AM,2021-05-14,Q399,Armenia,131.0,9.0,2963234,0,0,0,0,0,0,0,0,0,0,0,0,0,0,0,0,0,0,0
AM,2021-05-15,Q399,Armenia,67.0,10.0,2963234,0,0,0,0,0,0,0,0,0,0,0,0,0,0,0,0,0,0,0
AM,2021-05-16,Q399,Armenia,212.0,13.0,2963234,0,0,0,0,0,0,0,0,0,0,0,0,0,0,0,0,0,0,0
AM,2021-05-17,Q399,Armenia,229.0,11.0,2963234,0,0,0,0,0,0,0,0,0,0,0,0,0,0,0,0,0,0,0
AM,2021-05-18,Q399,Armenia,191.0,7.0,2963234,0,0,0,0,0,0,0,0,0,0,0,0,0,0,0,0,0,0,0
AM,2021-05-19,Q399,Armenia,140.0,7.0,2963234,0,0,0,0,0,0,0,0,0,0,0,0,0,0,0,0,0,0,0
AM,2021-05-20,Q399,Armenia,181.0,15.0,2963234,0,0,0,0,0,0,0,0,0,0,0,0,0,0,0,0,0,0,0
AM,2021-05-21,Q399,Armenia,68.0,6.0,2963234,0,0,0,0,0,0,0,0,0,0,0,0,0,0,0,0,0,0,0
AM,2021-05-22,Q399,Armenia,34.0,2.0,2963234,0,0,0,0,0,0,0,0,0,0,0,0,0,0,0,0,0,0,0
AM,2021-05-23,Q399,Armenia,157.0,6.0,2963234,0,0,0,0,0,0,0,0,0,0,0,0,0,0,0,0,0,0,0
AM,2021-05-24,Q399,Armenia,130.0,11.0,2963234,0,0,0,0,0,0,0,0,0,0,0,0,0,0,0,0,0,0,0
AM,2021-05-25,Q399,Armenia,140.0,5.0,2963234,0,0,0,0,0,0,0,0,0,0,0,0,0,0,0,0,0,0,0
AM,2021-05-26,Q399,Armenia,104.0,7.0,2963234,0,0,0,0,0,0,0,0,0,0,0,0,0,0,0,0,0,0,0
AM,2021-05-27,Q399,Armenia,42.0,5.0,2963234,0,0,0,0,0,0,0,0,0,0,0,0,0,0,0,0,0,0,0
AM,2021-05-28,Q399,Armenia,81.0,4.0,2963234,0,0,0,0,0,0,0,0,0,0,0,0,0,0,0,0,0,0,0
AM,2021-05-29,Q399,Armenia,34.0,6.0,2963234,0,0,0,0,0,0,0,0,0,0,0,0,0,0,0,0,0,0,0
AM,2021-05-30,Q399,Armenia,108.0,7.0,2963234,0,0,0,0,0,0,0,0,0,0,0,0,0,0,0,0,0,0,0
AM,2021-05-31,Q399,Armenia,92.0,1.0,2963234,0,0,0,0,0,0,0,0,0,0,0,0,0,0,0,0,0,0,0
AM,2021-06-01,Q399,Armenia,108.0,2.0,2963234,0,0,0,0,0,0,0,0,0,0,0,0,0,0,0,0,0,0,0
AM,2021-06-02,Q399,Armenia,72.0,4.0,2963234,0,0,0,0,0,0,0,0,0,0,0,0,0,0,0,0,0,0,0
AM,2021-06-03,Q399,Armenia,93.0,2.0,2963234,0,0,0,0,0,0,0,0,0,0,0,0,0,0,0,0,0,0,0
AM,2021-06-04,Q399,Armenia,37.0,4.0,2963234,0,0,0,0,0,0,0,0,0,0,0,0,0,0,0,0,0,0,0
AM,2021-06-05,Q399,Armenia,32.0,5.0,2963234,0,0,0,0,0,0,0,0,0,0,0,0,0,0,0,0,0,0,0
AM,2021-06-06,Q399,Armenia,73.0,0.0,2963234,0,0,0,0,0,0,0,0,0,0,0,0,0,0,0,0,0,0,0
AM,2021-06-07,Q399,Armenia,99.0,11.0,2963234,0,0,0,0,0,0,0,0,0,0,0,0,0,0,0,0,0,0,0
AM,2021-06-08,Q399,Armenia,76.0,4.0,2963234,0,0,0,0,0,0,0,0,0,0,0,0,0,0,0,0,0,0,0
AM,2021-06-09,Q399,Armenia,95.0,4.0,2963234,0,0,0,0,0,0,0,0,0,0,0,0,0,0,0,0,0,0,0
AM,2021-06-10,Q399,Armenia,88.0,0.0,2963234,0,0,0,0,0,0,0,0,0,0,0,0,0,0,0,0,0,0,0
AM,2021-06-11,Q399,Armenia,39.0,2.0,2963234,0,0,0,0,0,0,0,0,0,0,0,0,0,0,0,0,0,0,0
AM,2021-06-12,Q399,Armenia,41.0,4.0,2963234,0,0,0,0,0,0,0,0,0,0,0,0,0,0,0,0,0,0,0
AM,2021-06-13,Q399,Armenia,82.0,1.0,2963234,0,0,0,0,0,0,0,0,0,0,0,0,0,0,0,0,0,0,0
AM,2021-06-14,Q399,Armenia,99.0,1.0,2963234,0,0,0,0,0,0,0,0,0,0,0,0,0,0,0,0,0,0,0
AM,2021-06-15,Q399,Armenia,96.0,1.0,2963234,0,0,0,0,0,0,0,0,0,0,0,0,0,0,0,0,0,0,0
AM,2021-06-16,Q399,Armenia,86.0,1.0,2963234,0,0,0,0,0,0,0,0,0,0,0,0,0,0,0,0,0,0,0
AM,2021-06-17,Q399,Armenia,81.0,4.0,2963234,0,0,0,0,0,0,0,0,0,0,0,0,0,0,0,0,0,0,0
AM,2021-06-18,Q399,Armenia,60.0,2.0,2963234,0,0,0,0,0,0,0,0,0,0,0,0,0,0,0,0,0,0,0
AM,2021-06-19,Q399,Armenia,26.0,1.0,2963234,0,0,0,0,0,0,0,0,0,0,0,0,0,0,0,0,0,0,0
AM,2021-06-20,Q399,Armenia,77.0,3.0,2963234,0,0,0,0,0,0,0,0,0,0,0,0,0,0,0,0,0,0,0
AM,2021-06-21,Q399,Armenia,100.0,1.0,2963234,0,0,0,0,0,0,0,0,0,0,0,0,0,0,0,0,0,0,0
AM,2021-06-22,Q399,Armenia,103.0,2.0,2963234,0,0,0,0,0,0,0,0,0,0,0,0,0,0,0,0,0,0,0
AM,2021-06-23,Q399,Armenia,102.0,0.0,2963234,0,0,0,0,0,0,0,0,0,0,0,0,0,0,0,0,0,0,0
AM,2021-06-24,Q399,Armenia,93.0,1.0,2963234,0,0,0,0,0,0,0,0,0,0,0,0,0,0,0,0,0,0,0
AM,2021-06-25,Q399,Armenia,69.0,2.0,2963234,0,0,0,0,0,0,0,0,0,0,0,0,0,0,0,0,0,0,0
AM,2021-06-26,Q399,Armenia,54.0,2.0,2963234,0,0,0,0,0,0,0,0,0,0,0,0,0,0,0,0,0,0,0
AM,2021-06-27,Q399,Armenia,116.0,4.0,2963234,0,0,0,0,0,0,0,0,0,0,0,0,0,0,0,0,0,0,0
AM,2021-06-28,Q399,Armenia,128.0,0.0,2963234,0,0,0,0,0,0,0,0,0,0,0,0,0,0,0,0,0,0,0
AM,2021-06-29,Q399,Armenia,126.0,3.0,2963234,0,0,0,0,0,0,0,0,0,0,0,0,0,0,0,0,0,0,0
AM,2021-06-30,Q399,Armenia,118.0,1.0,2963234,0,0,0,0,0,0,0,0,0,0,0,0,0,0,0,0,0,0,0
AM,2021-07-01,Q399,Armenia,125.0,3.0,2963234,0,0,0,0,0,0,0,0,0,0,0,0,0,0,0,0,0,0,0
AM,2021-07-02,Q399,Armenia,89.0,5.0,2963234,0,0,0,0,0,0,0,0,0,0,0,0,0,0,0,0,0,0,0
AM,2021-07-03,Q399,Armenia,53.0,1.0,2963234,0,0,0,0,0,0,0,0,0,0,0,0,0,0,0,0,0,0,0
AM,2021-07-04,Q399,Armenia,55.0,3.0,2963234,0,0,0,0,0,0,0,0,0,0,0,0,0,0,0,0,0,0,0
AM,2021-07-05,Q399,Armenia,140.0,1.0,2963234,0,0,0,0,0,0,0,0,0,0,0,0,0,0,0,0,0,0,0
AM,2021-07-06,Q399,Armenia,186.0,5.0,2963234,0,0,0,0,0,0,0,0,0,0,0,0,0,0,0,0,0,0,0
AM,2021-07-07,Q399,Armenia,148.0,4.0,2963234,0,0,0,0,0,0,0,0,0,0,0,0,0,0,0,0,0,0,0
AM,2021-07-08,Q399,Armenia,150.0,2.0,2963234,0,0,0,0,0,0,0,0,0,0,0,0,0,0,0,0,0,0,0
AM,2021-07-09,Q399,Armenia,103.0,2.0,2963234,0,0,0,0,0,0,0,0,0,0,0,0,0,0,0,0,0,0,0
AM,2021-07-10,Q399,Armenia,71.0,3.0,2963234,0,0,0,0,0,0,0,0,0,0,0,0,0,0,0,0,0,0,0
AM,2021-07-11,Q399,Armenia,138.0,2.0,2963234,0,0,0,0,0,0,0,0,0,0,0,0,0,0,0,0,0,0,0
AM,2021-07-12,Q399,Armenia,189.0,3.0,2963234,0,0,0,0,0,0,0,0,0,0,0,0,0,0,0,0,0,0,0
AM,2021-07-13,Q399,Armenia,163.0,4.0,2963234,0,0,0,0,0,0,0,0,0,0,0,0,0,0,0,0,0,0,0
AM,2021-07-14,Q399,Armenia,162.0,2.0,2963234,0,0,0,0,0,0,0,0,0,0,0,0,0,0,0,0,0,0,0
AM,2021-07-15,Q399,Armenia,187.0,1.0,2963234,0,0,0,0,0,0,0,0,0,0,0,0,0,0,0,0,0,0,0
AM,2021-07-16,Q399,Armenia,132.0,7.0,2963234,0,0,0,0,0,0,0,0,0,0,0,0,0,0,0,0,0,0,0
AM,2021-07-17,Q399,Armenia,92.0,3.0,2963234,0,0,0,0,0,0,0,0,0,0,0,0,0,0,0,0,0,0,0
AM,2021-07-18,Q399,Armenia,194.0,3.0,2963234,0,0,0,0,0,0,0,0,0,0,0,0,0,0,0,0,0,0,0
AM,2021-07-19,Q399,Armenia,220.0,1.0,2963234,0,0,0,0,0,0,0,0,0,0,0,0,0,0,0,0,0,0,0
AM,2021-07-20,Q399,Armenia,225.0,2.0,2963234,0,0,0,0,0,0,0,0,0,0,0,0,0,0,0,0,0,0,0
AM,2021-07-21,Q399,Armenia,221.0,4.0,2963234,0,0,0,0,0,0,0,0,0,0,0,0,0,0,0,0,0,0,0
AM,2021-07-22,Q399,Armenia,250.0,5.0,2963234,0,0,0,0,0,0,0,0,0,0,0,0,0,0,0,0,0,0,0
AM,2021-07-23,Q399,Armenia,166.0,3.0,2963234,0,0,0,0,0,0,0,0,0,0,0,0,0,0,0,0,0,0,0
AM,2021-07-24,Q399,Armenia,112.0,3.0,2963234,0,0,0,0,0,0,0,0,0,0,0,0,0,0,0,0,0,0,0
AM,2021-07-25,Q399,Armenia,180.0,7.0,2963234,0,0,0,0,0,0,0,0,0,0,0,0,0,0,0,0,0,0,0
AM,2021-07-26,Q399,Armenia,280.0,0.0,2963234,0,0,0,0,0,0,0,0,0,0,0,0,0,0,0,0,0,0,0
AM,2021-07-27,Q399,Armenia,233.0,7.0,2963234,0,0,0,0,0,0,0,0,0,0,0,0,0,0,0,0,0,0,0
AM,2021-07-28,Q399,Armenia,264.0,4.0,2963234,0,0,0,0,0,0,0,0,0,0,0,0,0,0,0,0,0,0,0
AM,2021-07-29,Q399,Armenia,243.0,6.0,2963234,0,0,0,0,0,0,0,0,0,0,0,0,0,0,0,0,0,0,0
AM,2021-07-30,Q399,Armenia,229.0,5.0,2963234,0,0,0,0,0,0,0,0,0,0,0,0,0,0,0,0,0,0,0
AM,2021-07-31,Q399,Armenia,137.0,2.0,2963234,0,0,0,0,0,0,0,0,0,0,0,0,0,0,0,0,0,0,0
AM,2021-08-01,Q399,Armenia,237.0,0.0,2963234,0,0,0,0,0,0,0,0,0,0,0,0,0,0,0,0,0,0,0
AM,2021-08-02,Q399,Armenia,280.0,4.0,2963234,0,0,0,0,0,0,0,0,0,0,0,0,0,0,0,0,0,0,0
AM,2021-08-03,Q399,Armenia,329.0,7.0,2963234,0,0,0,0,0,0,0,0,0,0,0,0,0,0,0,0,0,0,0
AM,2021-08-04,Q399,Armenia,303.0,4.0,2963234,0,0,0,0,0,0,0,0,0,0,0,0,0,0,0,0,0,0,0
AM,2021-08-05,Q399,Armenia,298.0,5.0,2963234,0,0,0,0,0,0,0,0,0,0,0,0,0,0,0,0,0,0,0
AM,2021-08-06,Q399,Armenia,234.0,9.0,2963234,0,0,0,0,0,0,0,0,0,0,0,0,0,0,0,0,0,0,0
AM,2021-08-07,Q399,Armenia,140.0,3.0,2963234,0,0,0,0,0,0,0,0,0,0,0,0,0,0,0,0,0,0,0
AM,2021-08-08,Q399,Armenia,313.0,5.0,2963234,0,0,0,0,0,0,0,0,0,0,0,0,0,0,0,0,0,0,0
AM,2021-08-09,Q399,Armenia,391.0,6.0,2963234,0,0,0,0,0,0,0,0,0,0,0,0,0,0,0,0,0,0,0
AM,2021-08-10,Q399,Armenia,399.0,5.0,2963234,0,0,0,0,0,0,0,0,0,0,0,0,0,0,0,0,0,0,0
AM,2021-08-11,Q399,Armenia,397.0,9.0,2963234,0,0,0,0,0,0,0,0,0,0,0,0,0,0,0,0,0,0,0
AM,2021-08-12,Q399,Armenia,430.0,7.0,2963234,0,0,0,0,0,0,0,0,0,0,0,0,0,0,0,0,0,0,0
AM,2021-08-13,Q399,Armenia,331.0,10.0,2963234,0,0,0,0,0,0,0,0,0,0,0,0,0,0,0,0,0,0,0
AM,2021-08-14,Q399,Armenia,256.0,7.0,2963234,0,0,0,0,0,0,0,0,0,0,0,0,0,0,0,0,0,0,0
AM,2021-08-15,Q399,Armenia,357.0,11.0,2963234,0,0,0,0,0,0,0,0,0,0,0,0,0,0,0,0,0,0,0
AM,2021-08-16,Q399,Armenia,504.0,3.0,2963234,0,0,0,0,0,0,0,0,0,0,0,0,0,0,0,0,0,0,0
AM,2021-08-17,Q399,Armenia,559.0,11.0,2963234,0,0,0,0,0,0,0,0,0,0,0,0,0,0,0,0,0,0,0
AM,2021-08-18,Q399,Armenia,508.0,5.0,2963234,0,0,0,0,0,0,0,0,0,0,0,0,0,0,0,0,0,0,0
AM,2021-08-19,Q399,Armenia,507.0,5.0,2963234,0,0,0,0,0,0,0,0,0,0,0,0,0,0,0,0,0,0,0
AM,2021-08-20,Q399,Armenia,385.0,15.0,2963234,0,0,0,0,0,0,0,0,0,0,0,0,0,0,0,0,0,0,0
AM,2021-08-21,Q399,Armenia,251.0,10.0,2963234,0,0,0,0,0,0,0,0,0,0,0,0,0,0,0,0,0,0,0
AM,2021-08-22,Q399,Armenia,537.0,6.0,2963234,0,0,0,0,0,0,0,0,0,0,0,0,0,0,0,0,0,0,0
AM,2021-08-23,Q399,Armenia,634.0,10.0,2963234,0,0,0,0,0,0,0,0,0,0,0,0,0,0,0,0,0,0,0
AM,2021-08-24,Q399,Armenia,683.0,7.0,2963234,0,0,0,0,0,0,0,0,0,0,0,0,0,0,0,0,0,0,0
AM,2021-08-25,Q399,Armenia,522.0,11.0,2963234,0,0,0,0,0,0,0,0,0,0,0,0,0,0,0,0,0,0,0
AM,2021-08-26,Q399,Armenia,692.0,16.0,2963234,0,0,0,0,0,0,0,0,0,0,0,0,0,0,0,0,0,0,0
AM,2021-08-27,Q399,Armenia,383.0,11.0,2963234,0,0,0,0,0,0,0,0,0,0,0,0,0,0,0,0,0,0,0
AM,2021-08-28,Q399,Armenia,275.0,7.0,2963234,0,0,0,0,0,0,0,0,0,0,0,0,0,0,0,0,0,0,0
AM,2021-08-29,Q399,Armenia,524.0,14.0,2963234,0,0,0,0,0,0,0,0,0,0,0,0,0,0,0,0,0,0,0
AM,2021-08-30,Q399,Armenia,615.0,13.0,2963234,0,0,0,0,0,0,0,0,0,0,0,0,0,0,0,0,0,0,0
AM,2021-08-31,Q399,Armenia,636.0,19.0,2963234,0,0,0,0,0,0,0,0,0,0,0,0,0,0,0,0,0,0,0
AM,2021-09-01,Q399,Armenia,595.0,16.0,2963234,0,0,0,0,0,0,0,0,0,0,0,0,0,0,0,0,0,0,0
AM,2021-09-02,Q399,Armenia,621.0,12.0,2963234,0,0,0,0,0,0,0,0,0,0,0,0,0,0,0,0,0,0,0
AM,2021-09-03,Q399,Armenia,423.0,7.0,2963234,0,0,0,0,0,0,0,0,0,0,0,0,0,0,0,0,0,0,0
AM,2021-09-04,Q399,Armenia,239.0,13.0,2963234,0,0,0,0,0,0,0,0,0,0,0,0,0,0,0,0,0,0,0
AM,2021-09-05,Q399,Armenia,501.0,15.0,2963234,0,0,0,0,0,0,0,0,0,0,0,0,0,0,0,0,0,0,0
AM,2021-09-06,Q399,Armenia,645.0,15.0,2963234,0,0,0,0,0,0,0,0,0,0,0,0,0,0,0,0,0,0,0
AM,2021-09-07,Q399,Armenia,587.0,14.0,2963234,0,0,0,0,0,0,0,0,0,0,0,0,0,0,0,0,0,0,0
AM,2021-09-08,Q399,Armenia,669.0,11.0,2963234,0,0,0,0,0,0,0,0,0,0,0,0,0,0,0,0,0,0,0
AM,2021-09-09,Q399,Armenia,731.0,16.0,2963234,0,0,0,0,0,0,0,0,0,0,0,0,0,0,0,0,0,0,0
AM,2021-09-10,Q399,Armenia,453.0,7.0,2963234,0,0,0,0,0,0,0,0,0,0,0,0,0,0,0,0,0,0,0
AM,2021-09-11,Q399,Armenia,296.0,16.0,2963234,0,0,0,0,0,0,0,0,0,0,0,0,0,0,0,0,0,0,0
AM,2021-09-12,Q399,Armenia,657.0,16.0,2963234,0,0,0,0,0,0,0,0,0,0,0,0,0,0,0,0,0,0,0
AM,2021-09-13,Q399,Armenia,756.0,22.0,2963234,0,0,0,0,0,0,0,0,0,0,0,0,0,0,0,0,0,0,0
AM,2021-09-14,Q399,Armenia,764.0,19.0,2963234,0,0,0,0,0,0,0,0,0,0,0,0,0,0,0,0,0,0,0
AM,2021-09-15,Q399,Armenia,759.0,26.0,2963234,0,0,0,0,0,0,0,0,0,0,0,0,0,0,0,0,0,0,0
AM,2021-09-16,Q399,Armenia,1011.0,16.0,2963234,0,0,0,0,0,0,0,0,0,0,0,0,0,0,0,0,0,0,0
AM,2021-09-17,Q399,Armenia,507.0,14.0,2963234,0,0,0,0,0,0,0,0,0,0,0,0,0,0,0,0,0,0,0
AM,2021-09-18,Q399,Armenia,342.0,12.0,2963234,0,0,0,0,0,0,0,0,0,0,0,0,0,0,0,0,0,0,0
AM,2021-09-19,Q399,Armenia,494.0,18.0,2963234,0,0,0,0,0,0,0,0,0,0,0,0,0,0,0,0,0,0,0
AM,2021-09-20,Q399,Armenia,273.0,20.0,2963234,0,0,0,0,0,0,0,0,0,0,0,0,0,0,0,0,0,0,0
AM,2021-09-21,Q399,Armenia,939.0,19.0,2963234,0,0,0,0,0,0,0,0,0,0,0,0,0,0,0,0,0,0,0
AM,2021-09-22,Q399,Armenia,906.0,16.0,2963234,0,0,0,0,0,0,0,0,0,0,0,0,0,0,0,0,0,0,0
AM,2021-09-23,Q399,Armenia,1066.0,23.0,2963234,0,0,0,0,0,0,0,0,0,0,0,0,0,0,0,0,0,0,0
AM,2021-09-24,Q399,Armenia,925.0,12.0,2963234,0,0,0,0,0,0,0,0,0,0,0,0,0,0,0,0,0,0,0
AM,2021-09-25,Q399,Armenia,462.0,13.0,2963234,0,0,0,0,0,0,0,0,0,0,0,0,0,0,0,0,0,0,0
AM,2021-09-26,Q399,Armenia,772.0,13.0,2963234,0,0,0,0,0,0,0,0,0,0,0,0,0,0,0,0,0,0,0
AM,2021-09-27,Q399,Armenia,896.0,22.0,2963234,0,0,0,0,0,0,0,0,0,0,0,0,0,0,0,0,0,0,0
AM,2021-09-28,Q399,Armenia,1022.0,20.0,2963234,0,0,0,0,0,0,0,0,0,0,0,0,0,0,0,0,0,0,0
AM,2021-09-29,Q399,Armenia,934.0,20.0,2963234,0,0,0,0,0,0,0,0,0,0,0,0,0,0,0,0,0,0,0
AM,2021-09-30,Q399,Armenia,1152.0,15.0,2963234,0,0,0,0,0,0,0,0,0,0,0,0,0,0,0,0,0,0,0
AM,2021-10-01,Q399,Armenia,907.0,18.0,2963234,0,0,0,0,0,0,0,0,0,0,0,0,0,0,0,0,0,0,0
AM,2021-10-02,Q399,Armenia,627.0,25.0,2963234,0,0,0,0,0,0,0,0,0,0,0,0,0,0,0,0,0,0,0
AM,2021-10-03,Q399,Armenia,891.0,22.0,2963234,0,0,0,0,0,0,0,0,0,0,0,0,0,0,0,0,0,0,0
AM,2021-10-04,Q399,Armenia,1155.0,21.0,2963234,0,0,0,0,0,0,0,0,0,0,0,0,0,0,0,0,0,0,0
AM,2021-10-05,Q399,Armenia,1309.0,26.0,2963234,0,0,0,0,0,0,0,0,0,0,0,0,0,0,0,0,0,0,0
AM,2021-10-06,Q399,Armenia,1202.0,33.0,2963234,0,0,0,0,0,0,0,0,0,0,0,0,0,0,0,0,0,0,0
AM,2021-10-07,Q399,Armenia,1331.0,30.0,2963234,0,0,0,0,0,0,0,0,0,0,0,0,0,0,0,0,0,0,0
AM,2021-10-08,Q399,Armenia,1151.0,20.0,2963234,0,0,0,0,0,0,0,0,0,0,0,0,0,0,0,0,0,0,0
AM,2021-10-09,Q399,Armenia,601.0,26.0,2963234,0,0,0,0,0,0,0,0,0,0,0,0,0,0,0,0,0,0,0
AM,2021-10-10,Q399,Armenia,903.0,43.0,2963234,0,0,0,0,0,0,0,0,0,0,0,0,0,0,0,0,0,0,0
AM,2021-10-11,Q399,Armenia,1217.0,28.0,2963234,0,0,0,0,0,0,0,0,0,0,0,0,0,0,0,0,0,0,0
AM,2021-10-12,Q399,Armenia,1589.0,29.0,2963234,0,0,0,0,0,0,0,0,0,0,0,0,0,0,0,0,0,0,0
AM,2021-10-13,Q399,Armenia,1765.0,38.0,2963234,0,0,0,0,0,0,0,0,0,0,0,0,0,0,0,0,0,0,0
AM,2021-10-14,Q399,Armenia,1863.0,41.0,2963234,0,0,0,0,0,0,0,0,0,0,0,0,0,0,0,0,0,0,0
AM,2021-10-15,Q399,Armenia,1697.0,24.0,2963234,0,0,0,0,0,0,0,0,0,0,0,0,0,0,0,0,0,0,0
AM,2021-10-16,Q399,Armenia,1192.0,27.0,2963234,0,0,0,0,0,0,0,0,0,0,0,0,0,0,0,0,0,0,0
AM,2021-10-17,Q399,Armenia,1054.0,37.0,2963234,0,0,0,0,0,0,0,0,0,0,0,0,0,0,0,0,0,0,0
AM,2021-10-18,Q399,Armenia,2066.0,28.0,2963234,0,0,0,0,0,0,0,0,0,0,0,0,0,0,0,0,0,0,0
AM,2021-10-19,Q399,Armenia,2603.0,32.0,2963234,0,0,0,0,0,0,0,0,0,0,0,0,0,0,0,0,0,0,0
AM,2021-10-20,Q399,Armenia,2146.0,42.0,2963234,0,0,0,0,0,0,0,0,0,0,0,0,0,0,0,0,0,0,0
AM,2021-10-21,Q399,Armenia,1962.0,31.0,2963234,0,0,0,0,0,0,0,0,0,0,0,0,0,0,0,0,0,0,0
AM,2021-10-22,Q399,Armenia,2354.0,38.0,2963234,0,0,0,0,0,0,0,0,0,0,0,0,0,0,0,0,0,0,0
AM,2021-10-23,Q399,Armenia,1184.0,42.0,2963234,0,0,0,0,0,0,0,0,0,0,0,0,0,0,0,0,0,0,0
AM,2021-10-24,Q399,Armenia,1517.0,57.0,2963234,0,0,0,0,0,0,0,0,0,0,0,0,0,0,0,0,0,0,0
AM,2021-10-25,Q399,Armenia,2074.0,39.0,2963234,0,0,0,0,0,0,0,0,0,0,0,0,0,0,0,0,0,0,0
AM,2021-10-26,Q399,Armenia,2307.0,38.0,2963234,0,0,0,0,0,0,0,0,0,0,0,0,0,0,0,0,0,0,0
AM,2021-10-27,Q399,Armenia,2096.0,43.0,2963234,0,0,0,0,0,0,0,0,0,0,0,0,0,0,0,0,0,0,0
AM,2021-10-28,Q399,Armenia,2193.0,52.0,2963234,0,0,0,0,0,0,0,0,0,0,0,0,0,0,0,0,0,0,0
AM,2021-10-29,Q399,Armenia,1587.0,44.0,2963234,0,0,0,0,0,0,0,0,0,0,0,0,0,0,0,0,0,0,0
AM,2021-10-30,Q399,Armenia,1071.0,51.0,2963234,0,0,0,0,0,0,0,0,0,0,0,0,0,0,0,0,0,0,0
AM,2021-10-31,Q399,Armenia,1232.0,62.0,2963234,0,0,0,0,0,0,0,0,0,0,0,0,0,0,0,0,0,0,0
AM,2021-11-01,Q399,Armenia,2045.0,50.0,2963234,0,0,0,0,0,0,0,0,0,0,0,0,0,0,0,0,0,0,0
AM,2021-11-02,Q399,Armenia,2330.0,41.0,2963234,0,0,0,0,0,0,0,0,0,0,0,0,0,0,0,0,0,0,0
AM,2021-11-03,Q399,Armenia,1835.0,50.0,2963234,0,0,0,0,0,0,0,0,0,0,0,0,0,0,0,0,0,0,0
AM,2021-11-04,Q399,Armenia,2177.0,46.0,2963234,0,0,0,0,0,0,0,0,0,0,0,0,0,0,0,0,0,0,0
AM,2021-11-05,Q399,Armenia,1417.0,42.0,2963234,0,0,0,0,0,0,0,0,0,0,0,0,0,0,0,0,0,0,0
AM,2021-11-06,Q399,Armenia,810.0,30.0,2963234,0,0,0,0,0,0,0,0,0,0,0,0,0,0,0,0,0,0,0
AM,2021-11-07,Q399,Armenia,1121.0,62.0,2963234,0,0,0,0,0,0,0,0,0,0,0,0,0,0,0,0,0,0,0
AM,2021-11-08,Q399,Armenia,1675.0,69.0,2963234,0,0,0,0,0,0,0,0,0,0,0,0,0,0,0,0,0,0,0
AM,2021-11-09,Q399,Armenia,1482.0,36.0,2963234,0,0,0,0,0,0,0,0,0,0,0,0,0,0,0,0,0,0,0
AM,2021-11-10,Q399,Armenia,1309.0,70.0,2963234,0,0,0,0,0,0,0,0,0,0,0,0,0,0,0,0,0,0,0
AM,2021-11-11,Q399,Armenia,1251.0,39.0,2963234,0,0,0,0,0,0,0,0,0,0,0,0,0,0,0,0,0,0,0
AM,2021-11-12,Q399,Armenia,882.0,40.0,2963234,0,0,0,0,0,0,0,0,0,0,0,0,0,0,0,0,0,0,0
AM,2021-11-13,Q399,Armenia,378.0,39.0,2963234,0,0,0,0,0,0,0,0,0,0,0,0,0,0,0,0,0,0,0
AM,2021-11-14,Q399,Armenia,572.0,52.0,2963234,0,0,0,0,0,0,0,0,0,0,0,0,0,0,0,0,0,0,0
AM,2021-11-15,Q399,Armenia,982.0,46.0,2963234,0,0,0,0,0,0,0,0,0,0,0,0,0,0,0,0,0,0,0
AM,2021-11-16,Q399,Armenia,1019.0,30.0,2963234,0,0,0,0,0,0,0,0,0,0,0,0,0,0,0,0,0,0,0
AM,2021-11-17,Q399,Armenia,799.0,29.0,2963234,0,0,0,0,0,0,0,0,0,0,0,0,0,0,0,0,0,0,0
AM,2021-11-18,Q399,Armenia,870.0,41.0,2963234,0,0,0,0,0,0,0,0,0,0,0,0,0,0,0,0,0,0,0
AM,2021-11-19,Q399,Armenia,492.0,25.0,2963234,0,0,0,0,0,0,0,0,0,0,0,0,0,0,0,0,0,0,0
AM,2021-11-20,Q399,Armenia,272.0,30.0,2963234,0,0,0,0,0,0,0,0,0,0,0,0,0,0,0,0,0,0,0
AM,2021-11-21,Q399,Armenia,531.0,48.0,2963234,0,0,0,0,0,0,0,0,0,0,0,0,0,0,0,0,0,0,0
AM,2021-11-22,Q399,Armenia,860.0,23.0,2963234,0,0,0,0,0,0,0,0,0,0,0,0,0,0,0,0,0,0,0
AM,2021-11-23,Q399,Armenia,592.0,40.0,2963234,0,0,0,0,0,0,0,0,0,0,0,0,0,0,0,0,0,0,0
AM,2021-11-24,Q399,Armenia,675.0,40.0,2963234,0,0,0,0,0,0,0,0,0,0,0,0,0,0,0,0,0,0,0
AM,2021-11-25,Q399,Armenia,517.0,26.0,2963234,0,0,0,0,0,0,0,0,0,0,0,0,0,0,0,0,0,0,0
AM,2021-11-26,Q399,Armenia,409.0,29.0,2963234,0,0,0,0,0,0,0,0,0,0,0,0,0,0,0,0,0,0,0
AM,2021-11-27,Q399,Armenia,189.0,21.0,2963234,0,0,0,0,0,0,0,0,0,0,0,0,0,0,0,0,0,0,0
AM,2021-11-28,Q399,Armenia,398.0,32.0,2963234,0,0,0,0,0,0,0,0,0,0,0,0,0,0,0,0,0,0,0
AM,2021-11-29,Q399,Armenia,502.0,43.0,2963234,0,0,0,0,0,0,0,0,0,0,0,0,0,0,0,0,0,0,0
AM,2021-11-30,Q399,Armenia,558.0,21.0,2963234,0,0,0,0,0,0,0,0,0,0,0,0,0,0,0,0,0,0,0
AM,2021-12-01,Q399,Armenia,399.0,13.0,2963234,0,0,0,0,0,0,0,0,0,0,0,0,0,0,0,0,0,0,0
AM,2021-12-02,Q399,Armenia,419.0,25.0,2963234,0,0,0,0,0,0,0,0,0,0,0,0,0,0,0,0,0,0,0
AM,2021-12-03,Q399,Armenia,327.0,14.0,2963234,0,0,0,0,0,0,0,0,0,0,0,0,0,0,0,0,0,0,0
AM,2021-12-04,Q399,Armenia,95.0,8.0,2963234,0,0,0,0,0,0,0,0,0,0,0,0,0,0,0,0,0,0,0
AM,2021-12-05,Q399,Armenia,240.0,27.0,2963234,0,0,0,0,0,0,0,0,0,0,0,0,0,0,0,0,0,0,0
AM,2021-12-06,Q399,Armenia,410.0,10.0,2963234,0,0,0,0,0,0,0,0,0,0,0,0,0,0,0,0,0,0,0
AM,2021-12-07,Q399,Armenia,300.0,19.0,2963234,0,0,0,0,0,0,0,0,0,0,0,0,0,0,0,0,0,0,0
AM,2021-12-08,Q399,Armenia,347.0,20.0,2963234,0,0,0,0,0,0,0,0,0,0,0,0,0,0,0,0,0,0,0
AM,2021-12-09,Q399,Armenia,290.0,21.0,2963234,0,0,0,0,0,0,0,0,0,0,0,0,0,0,0,0,0,0,0
AM,2021-12-10,Q399,Armenia,133.0,14.0,2963234,0,0,0,0,0,0,0,0,0,0,0,0,0,0,0,0,0,0,0
AM,2021-12-11,Q399,Armenia,66.0,17.0,2963234,0,0,0,0,0,0,0,0,0,0,0,0,0,0,0,0,0,0,0
AM,2021-12-12,Q399,Armenia,161.0,26.0,2963234,0,0,0,0,0,0,0,0,0,0,0,0,0,0,0,0,0,0,0
AM,2021-12-13,Q399,Armenia,212.0,11.0,2963234,0,0,0,0,0,0,0,0,0,0,0,0,0,0,0,0,0,0,0
AM,2021-12-14,Q399,Armenia,180.0,18.0,2963234,0,0,0,0,0,0,0,0,0,0,0,0,0,0,0,0,0,0,0
AM,2021-12-15,Q399,Armenia,193.0,11.0,2963234,0,0,0,0,0,0,0,0,0,0,0,0,0,0,0,0,0,0,0
AM,2021-12-16,Q399,Armenia,156.0,8.0,2963234,0,0,0,0,0,0,0,0,0,0,0,0,0,0,0,0,0,0,0
AM,2021-12-17,Q399,Armenia,130.0,6.0,2963234,0,0,0,0,0,0,0,0,0,0,0,0,0,0,0,0,0,0,0
AM,2021-12-18,Q399,Armenia,72.0,4.0,2963234,0,0,0,0,0,0,0,0,0,0,0,0,0,0,0,0,0,0,0
AM,2021-12-19,Q399,Armenia,137.0,11.0,2963234,0,0,0,0,0,0,0,0,0,0,0,0,0,0,0,0,0,0,0
AM,2021-12-20,Q399,Armenia,152.0,7.0,2963234,0,0,0,0,0,0,0,0,0,0,0,0,0,0,0,0,0,0,0
AM,2021-12-21,Q399,Armenia,129.0,15.0,2963234,0,0,0,0,0,0,0,0,0,0,0,0,0,0,0,0,0,0,0
AM,2021-12-22,Q399,Armenia,135.0,3.0,2963234,0,0,0,0,0,0,0,0,0,0,0,0,0,0,0,0,0,0,0
AM,2021-12-23,Q399,Armenia,118.0,3.0,2963234,0,0,0,0,0,0,0,0,0,0,0,0,0,0,0,0,0,0,0
AM,2021-12-24,Q399,Armenia,102.0,1.0,2963234,0,0,0,0,0,0,0,0,0,0,0,0,0,0,0,0,0,0,0
AM,2021-12-25,Q399,Armenia,59.0,7.0,2963234,0,0,0,0,0,0,0,0,0,0,0,0,0,0,0,0,0,0,0
AM,2021-12-26,Q399,Armenia,109.0,6.0,2963234,0,0,0,0,0,0,0,0,0,0,0,0,0,0,0,0,0,0,0
AM,2021-12-27,Q399,Armenia,88.0,5.0,2963234,0,0,0,0,0,0,0,0,0,0,0,0,0,0,0,0,0,0,0
AM,2021-12-28,Q399,Armenia,89.0,7.0,2963234,0,0,0,0,0,0,0,0,0,0,0,0,0,0,0,0,0,0,0
AM,2021-12-29,Q399,Armenia,104.0,4.0,2963234,0,0,0,0,0,0,0,0,0,0,0,0,0,0,0,0,0,0,0
AM,2021-12-30,Q399,Armenia,50.0,3.0,2963234,0,0,0,0,0,0,0,0,0,0,0,0,0,0,0,0,0,0,0
AM,2021-12-31,Q399,Armenia,27.0,2.0,2963234,0,0,0,0,0,0,0,0,0,0,0,0,0,0,0,0,0,0,0
AM,2022-01-01,Q399,Armenia,29.0,6.0,2963234,0,0,0,0,0,0,0,0,0,0,0,0,0,0,0,0,0,0,0
AM,2022-01-02,Q399,Armenia,90.0,3.0,2963234,0,0,0,0,0,0,0,0,0,0,0,0,0,0,0,0,0,0,0
AM,2022-01-03,Q399,Armenia,129.0,3.0,2963234,0,0,0,0,0,0,0,0,0,0,0,0,0,0,0,0,0,0,0
AM,2022-01-04,Q399,Armenia,134.0,4.0,2963234,0,0,0,0,0,0,0,0,0,0,0,0,0,0,0,0,0,0,0
AM,2022-01-05,Q399,Armenia,129.0,4.0,2963234,0,0,0,0,0,0,0,0,0,0,0,0,0,0,0,0,0,0,0
AM,2022-01-06,Q399,Armenia,195.0,2.0,2963234,0,0,0,0,0,0,0,0,0,0,0,0,0,0,0,0,0,0,0
AM,2022-01-07,Q399,Armenia,142.0,2.0,2963234,0,0,0,0,0,0,0,0,0,0,0,0,0,0,0,0,0,0,0
AM,2022-01-08,Q399,Armenia,126.0,3.0,2963234,0,0,0,0,0,0,0,0,0,0,0,0,0,0,0,0,0,0,0
AM,2022-01-09,Q399,Armenia,243.0,2.0,2963234,0,0,0,0,0,0,0,0,0,0,0,0,0,0,0,0,0,0,0
AM,2022-01-10,Q399,Armenia,289.0,4.0,2963234,0,0,0,0,0,0,0,0,0,0,0,0,0,0,0,0,0,0,0
AM,2022-01-11,Q399,Armenia,298.0,4.0,2963234,0,0,0,0,0,0,0,0,0,0,0,0,0,0,0,0,0,0,0
AM,2022-01-12,Q399,Armenia,273.0,1.0,2963234,0,0,0,0,0,0,0,0,0,0,0,0,0,0,0,0,0,0,0
AM,2022-01-13,Q399,Armenia,293.0,3.0,2963234,0,0,0,0,0,0,0,0,0,0,0,0,0,0,0,0,0,0,0
AM,2022-01-14,Q399,Armenia,240.0,1.0,2963234,0,0,0,0,0,0,0,0,0,0,0,0,0,0,0,0,0,0,0
AM,2022-01-15,Q399,Armenia,168.0,1.0,2963234,0,0,0,0,0,0,0,0,0,0,0,0,0,0,0,0,0,0,0
AM,2022-01-16,Q399,Armenia,360.0,2.0,2963234,0,0,0,0,0,0,0,0,0,0,0,0,0,0,0,0,0,0,0
AM,2022-01-17,Q399,Armenia,563.0,3.0,2963234,0,0,0,0,0,0,0,0,0,0,0,0,0,0,0,0,0,0,0
AM,2022-01-18,Q399,Armenia,621.0,1.0,2963234,0,0,0,0,0,0,0,0,0,0,0,0,0,0,0,0,0,0,0
AM,2022-01-19,Q399,Armenia,628.0,0.0,2963234,0,0,0,0,0,0,0,0,0,0,0,0,0,0,0,0,0,0,0
AM,2022-01-20,Q399,Armenia,940.0,0.0,2963234,0,0,0,0,0,0,0,0,0,0,0,0,0,0,0,0,0,0,0
AM,2022-01-21,Q399,Armenia,814.0,2.0,2963234,0,0,0,0,0,0,0,0,0,0,0,0,0,0,0,0,0,0,0
AM,2022-01-22,Q399,Armenia,688.0,0.0,2963234,0,0,0,0,0,0,0,0,0,0,0,0,0,0,0,0,0,0,0
AM,2022-01-23,Q399,Armenia,1332.0,4.0,2963234,0,0,0,0,0,0,0,0,0,0,0,0,0,0,0,0,0,0,0
AM,2022-01-24,Q399,Armenia,1931.0,1.0,2963234,0,0,0,0,0,0,0,0,0,0,0,0,0,0,0,0,0,0,0
AM,2022-01-25,Q399,Armenia,2556.0,2.0,2963234,0,0,0,0,0,0,0,0,0,0,0,0,0,0,0,0,0,0,0
AM,2022-01-26,Q399,Armenia,3536.0,0.0,2963234,0,0,0,0,0,0,0,0,0,0,0,0,0,0,0,0,0,0,0
AM,2022-01-27,Q399,Armenia,2594.0,6.0,2963234,0,0,0,0,0,0,0,0,0,0,0,0,0,0,0,0,0,0,0
AM,2022-01-28,Q399,Armenia,2085.0,5.0,2963234,0,0,0,0,0,0,0,0,0,0,0,0,0,0,0,0,0,0,0
AM,2022-01-29,Q399,Armenia,1362.0,7.0,2963234,0,0,0,0,0,0,0,0,0,0,0,0,0,0,0,0,0,0,0
AM,2022-01-30,Q399,Armenia,3127.0,3.0,2963234,0,0,0,0,0,0,0,0,0,0,0,0,0,0,0,0,0,0,0
AM,2022-01-31,Q399,Armenia,3956.0,4.0,2963234,0,0,0,0,0,0,0,0,0,0,0,0,0,0,0,0,0,0,0
AM,2022-02-01,Q399,Armenia,4388.0,5.0,2963234,0,0,0,0,0,0,0,0,0,0,0,0,0,0,0,0,0,0,0
AM,2022-02-02,Q399,Armenia,4192.0,10.0,2963234,0,0,0,0,0,0,0,0,0,0,0,0,0,0,0,0,0,0,0
AM,2022-02-03,Q399,Armenia,4032.0,6.0,2963234,0,0,0,0,0,0,0,0,0,0,0,0,0,0,0,0,0,0,0
AM,2022-02-04,Q399,Armenia,2467.0,5.0,2963234,0,0,0,0,0,0,0,0,0,0,0,0,0,0,0,0,0,0,0
AM,2022-02-05,Q399,Armenia,1631.0,11.0,2963234,0,0,0,0,0,0,0,0,0,0,0,0,0,0,0,0,0,0,0
AM,2022-02-06,Q399,Armenia,2486.0,5.0,2963234,0,0,0,0,0,0,0,0,0,0,0,0,0,0,0,0,0,0,0
AM,2022-02-07,Q399,Armenia,2811.0,6.0,2963234,0,0,0,0,0,0,0,0,0,0,0,0,0,0,0,0,0,0,0
AM,2022-02-08,Q399,Armenia,2842.0,6.0,2963234,0,0,0,0,0,0,0,0,0,0,0,0,0,0,0,0,0,0,0
AM,2022-02-09,Q399,Armenia,2676.0,31.0,2963234,0,0,0,0,0,0,0,0,0,0,0,0,0,0,0,0,0,0,0
AM,2022-02-10,Q399,Armenia,2402.0,12.0,2963234,0,0,0,0,0,0,0,0,0,0,0,0,0,0,0,0,0,0,0
AM,2022-02-11,Q399,Armenia,1574.0,10.0,2963234,0,0,0,0,0,0,0,0,0,0,0,0,0,0,0,0,0,0,0
AM,2022-02-12,Q399,Armenia,695.0,19.0,2963234,0,0,0,0,0,0,0,0,0,0,0,0,0,0,0,0,0,0,0
AM,2022-02-13,Q399,Armenia,1307.0,15.0,2963234,0,0,0,0,0,0,0,0,0,0,0,0,0,0,0,0,0,0,0
AM,2022-02-14,Q399,Armenia,1774.0,28.0,2963234,0,0,0,0,0,0,0,0,0,0,0,0,0,0,0,0,0,0,0
AM,2022-02-15,Q399,Armenia,1723.0,24.0,2963234,0,0,0,0,0,0,0,0,0,0,0,0,0,0,0,0,0,0,0
AM,2022-02-16,Q399,Armenia,1417.0,25.0,2963234,0,0,0,0,0,0,0,0,0,0,0,0,0,0,0,0,0,0,0
AM,2022-02-17,Q399,Armenia,1469.0,30.0,2963234,0,0,0,0,0,0,0,0,0,0,0,0,0,0,0,0,0,0,0
AM,2022-02-18,Q399,Armenia,700.0,14.0,2963234,0,0,0,0,0,0,0,0,0,0,0,0,0,0,0,0,0,0,0
AM,2022-02-19,Q399,Armenia,293.0,16.0,2963234,0,0,0,0,0,0,0,0,0,0,0,0,0,0,0,0,0,0,0
AM,2022-02-20,Q399,Armenia,753.0,16.0,2963234,0,0,0,0,0,0,0,0,0,0,0,0,0,0,0,0,0,0,0
AM,2022-02-21,Q399,Armenia,946.0,24.0,2963234,0,0,0,0,0,0,0,0,0,0,0,0,0,0,0,0,0,0,0
AM,2022-02-22,Q399,Armenia,764.0,14.0,2963234,0,0,0,0,0,0,0,0,0,0,0,0,0,0,0,0,0,0,0
AM,2022-02-23,Q399,Armenia,572.0,21.0,2963234,0,0,0,0,0,0,0,0,0,0,0,0,0,0,0,0,0,0,0
AM,2022-02-24,Q399,Armenia,631.0,20.0,2963234,0,0,0,0,0,0,0,0,0,0,0,0,0,0,0,0,0,0,0
AM,2022-02-25,Q399,Armenia,270.0,16.0,2963234,0,0,0,0,0,0,0,0,0,0,0,0,0,0,0,0,0,0,0
AM,2022-02-26,Q399,Armenia,139.0,12.0,2963234,0,0,0,0,0,0,0,0,0,0,0,0,0,0,0,0,0,0,0
AM,2022-02-27,Q399,Armenia,324.0,17.0,2963234,0,0,0,0,0,0,0,0,0,0,0,0,0,0,0,0,0,0,0
AM,2022-02-28,Q399,Armenia,342.0,15.0,2963234,0,0,0,0,0,0,0,0,0,0,0,0,0,0,0,0,0,0,0
AM,2022-03-01,Q399,Armenia,259.0,12.0,2963234,0,0,0,0,0,0,0,0,0,0,0,0,0,0,0,0,0,0,0
AM,2022-03-02,Q399,Armenia,251.0,11.0,2963234,0,0,0,0,0,0,0,0,0,0,0,0,0,0,0,0,0,0,0
AM,2022-03-03,Q399,Armenia,218.0,12.0,2963234,0,0,0,0,0,0,0,0,0,0,0,0,0,0,0,0,0,0,0
AM,2022-03-04,Q399,Armenia,115.0,8.0,2963234,0,0,0,0,0,0,0,0,0,0,0,0,0,0,0,0,0,0,0
AM,2022-03-05,Q399,Armenia,60.0,12.0,2963234,0,0,0,0,0,0,0,0,0,0,0,0,0,0,0,0,0,0,0
AM,2022-03-06,Q399,Armenia,140.0,4.0,2963234,0,0,0,0,0,0,0,0,0,0,0,0,0,0,0,0,0,0,0
AM,2022-03-07,Q399,Armenia,51.0,8.0,2963234,0,0,0,0,0,0,0,0,0,0,0,0,0,0,0,0,0,0,0
AM,2022-03-08,Q399,Armenia,122.0,3.0,2963234,0,0,0,0,0,0,0,0,0,0,0,0,0,0,0,0,0,0,0
AM,2022-03-09,Q399,Armenia,128.0,5.0,2963234,0,0,0,0,0,0,0,0,0,0,0,0,0,0,0,0,0,0,0
AM,2022-03-10,Q399,Armenia,111.0,2.0,2963234,0,0,0,0,0,0,0,0,0,0,0,0,0,0,0,0,0,0,0
AM,2022-03-11,Q399,Armenia,51.0,2.0,2963234,0,0,0,0,0,0,0,0,0,0,0,0,0,0,0,0,0,0,0
AM,2022-03-12,Q399,Armenia,17.0,4.0,2963234,0,0,0,0,0,0,0,0,0,0,0,0,0,0,0,0,0,0,0
AM,2022-03-13,Q399,Armenia,55.0,3.0,2963234,0,0,0,0,0,0,0,0,0,0,0,0,0,0,0,0,0,0,0
AM,2022-03-14,Q399,Armenia,79.0,8.0,2963234,0,0,0,0,0,0,0,0,0,0,0,0,0,0,0,0,0,0,0
AM,2022-03-15,Q399,Armenia,47.0,2.0,2963234,0,0,0,0,0,0,0,0,0,0,0,0,0,0,0,0,0,0,0
AM,2022-03-16,Q399,Armenia,52.0,3.0,2963234,0,0,0,0,0,0,0,0,0,0,0,0,0,0,0,0,0,0,0
AM,2022-03-17,Q399,Armenia,32.0,1.0,2963234,0,0,0,0,0,0,0,0,0,0,0,0,0,0,0,0,0,0,0
AM,2022-03-18,Q399,Armenia,21.0,2.0,2963234,0,0,0,0,0,0,0,0,0,0,0,0,0,0,0,0,0,0,0
AM,2022-03-19,Q399,Armenia,21.0,3.0,2963234,0,0,0,0,0,0,0,0,0,0,0,0,0,0,0,0,0,0,0
AM,2022-03-20,Q399,Armenia,26.0,3.0,2963234,0,0,0,0,0,0,0,0,0,0,0,0,0,0,0,0,0,0,0
AM,2022-03-21,Q399,Armenia,28.0,2.0,2963234,0,0,0,0,0,0,0,0,0,0,0,0,0,0,0,0,0,0,0
AM,2022-03-22,Q399,Armenia,19.0,1.0,2963234,0,0,0,0,0,0,0,0,0,0,0,0,0,0,0,0,0,0,0
AM,2022-03-23,Q399,Armenia,22.0,3.0,2963234,0,0,0,0,0,0,0,0,0,0,0,0,0,0,0,0,0,0,0
AM,2022-03-24,Q399,Armenia,21.0,1.0,2963234,0,0,0,0,0,0,0,0,0,0,0,0,0,0,0,0,0,0,0
AM,2022-03-25,Q399,Armenia,14.0,2.0,2963234,0,0,0,0,0,0,0,0,0,0,0,0,0,0,0,0,0,0,0
AM,2022-03-26,Q399,Armenia,10.0,0.0,2963234,0,0,0,0,0,0,0,0,0,0,0,0,0,0,0,0,0,0,0
AM,2022-03-27,Q399,Armenia,16.0,1.0,2963234,0,0,0,0,0,0,0,0,0,0,0,0,0,0,0,0,0,0,0
AM,2022-03-28,Q399,Armenia,14.0,0.0,2963234,0,0,0,0,0,0,0,0,0,0,0,0,0,0,0,0,0,0,0
AM,2022-03-29,Q399,Armenia,21.0,2.0,2963234,0,0,0,0,0,0,0,0,0,0,0,0,0,0,0,0,0,0,0
AM,2022-03-30,Q399,Armenia,21.0,3.0,2963234,0,0,0,0,0,0,0,0,0,0,0,0,0,0,0,0,0,0,0
AM,2022-03-31,Q399,Armenia,12.0,0.0,2963234,0,0,0,0,0,0,0,0,0,0,0,0,0,0,0,0,0,0,0
AM,2022-04-01,Q399,Armenia,22.0,1.0,2963234,0,0,0,0,0,0,0,0,0,0,0,0,0,0,0,0,0,0,0
AM,2022-04-02,Q399,Armenia,7.0,0.0,2963234,0,0,0,0,0,0,0,0,0,0,0,0,0,0,0,0,0,0,0
AM,2022-04-03,Q399,Armenia,13.0,2.0,2963234,0,0,0,0,0,0,0,0,0,0,0,0,0,0,0,0,0,0,0
AM,2022-04-04,Q399,Armenia,16.0,0.0,2963234,0,0,0,0,0,0,0,0,0,0,0,0,0,0,0,0,0,0,0
AM,2022-04-05,Q399,Armenia,19.0,0.0,2963234,0,0,0,0,0,0,0,0,0,0,0,0,0,0,0,0,0,0,0
AM,2022-04-06,Q399,Armenia,14.0,0.0,2963234,0,0,0,0,0,0,0,0,0,0,0,0,0,0,0,0,0,0,0
AM,2022-04-07,Q399,Armenia,19.0,1.0,2963234,0,0,0,0,0,0,0,0,0,0,0,0,0,0,0,0,0,0,0
AM,2022-04-08,Q399,Armenia,15.0,0.0,2963234,0,0,0,0,0,0,0,0,0,0,0,0,0,0,0,0,0,0,0
AM,2022-04-09,Q399,Armenia,1.0,1.0,2963234,0,0,0,0,0,0,0,0,0,0,0,0,0,0,0,0,0,0,0
AM,2022-04-10,Q399,Armenia,13.0,0.0,2963234,0,0,0,0,0,0,0,0,0,0,0,0,0,0,0,0,0,0,0
AM,2022-04-11,Q399,Armenia,20.0,0.0,2963234,0,0,0,0,0,0,0,0,0,0,0,0,0,0,0,0,0,0,0
AM,2022-04-12,Q399,Armenia,10.0,0.0,2963234,0,0,0,0,0,0,0,0,0,0,0,0,0,0,0,0,0,0,0
AM,2022-04-13,Q399,Armenia,8.0,0.0,2963234,0,0,0,0,0,0,0,0,0,0,0,0,0,0,0,0,0,0,0
AM,2022-04-14,Q399,Armenia,18.0,0.0,2963234,0,0,0,0,0,0,0,0,0,0,0,0,0,0,0,0,0,0,0
AM,2022-04-15,Q399,Armenia,15.0,0.0,2963234,0,0,0,0,0,0,0,0,0,0,0,0,0,0,0,0,0,0,0
AM,2022-04-16,Q399,Armenia,8.0,1.0,2963234,0,0,0,0,0,0,0,0,0,0,0,0,0,0,0,0,0,0,0
AM,2022-04-17,Q399,Armenia,14.0,0.0,2963234,0,0,0,0,0,0,0,0,0,0,0,0,0,0,0,0,0,0,0
AM,2022-04-18,Q399,Armenia,15.0,0.0,2963234,0,0,0,0,0,0,0,0,0,0,0,0,0,0,0,0,0,0,0
AM,2022-04-19,Q399,Armenia,6.0,0.0,2963234,0,0,0,0,0,0,0,0,0,0,0,0,0,0,0,0,0,0,0
AM,2022-04-20,Q399,Armenia,9.0,0.0,2963234,0,0,0,0,0,0,0,0,0,0,0,0,0,0,0,0,0,0,0
AM,2022-04-21,Q399,Armenia,8.0,0.0,2963234,0,0,0,0,0,0,0,0,0,0,0,0,0,0,0,0,0,0,0
AM,2022-04-22,Q399,Armenia,3.0,0.0,2963234,0,0,0,0,0,0,0,0,0,0,0,0,0,0,0,0,0,0,0
AM,2022-04-23,Q399,Armenia,3.0,0.0,2963234,0,0,0,0,0,0,0,0,0,0,0,0,0,0,0,0,0,0,0
AM,2022-04-24,Q399,Armenia,10.0,0.0,2963234,0,0,0,0,0,0,0,0,0,0,0,0,0,0,0,0,0,0,0
AM,2022-04-25,Q399,Armenia,17.0,0.0,2963234,0,0,0,0,0,0,0,0,0,0,0,0,0,0,0,0,0,0,0
AM,2022-04-26,Q399,Armenia,3.0,0.0,2963234,0,0,0,0,0,0,0,0,0,0,0,0,0,0,0,0,0,0,0
AM,2022-04-27,Q399,Armenia,7.0,0.0,2963234,0,0,0,0,0,0,0,0,0,0,0,0,0,0,0,0,0,0,0
AM,2022-04-28,Q399,Armenia,2.0,0.0,2963234,0,0,0,0,0,0,0,0,0,0,0,0,0,0,0,0,0,0,0
AM,2022-04-29,Q399,Armenia,4.0,0.0,2963234,0,0,0,0,0,0,0,0,0,0,0,0,0,0,0,0,0,0,0
AM,2022-04-30,Q399,Armenia,3.0,0.0,2963234,0,0,0,0,0,0,0,0,0,0,0,0,0,0,0,0,0,0,0
AM,2022-05-01,Q399,Armenia,0.0,0.0,2963234,0,0,0,0,0,0,0,0,0,0,0,0,0,0,0,0,0,0,0
AM,2022-05-02,Q399,Armenia,3.0,0.0,2963234,0,0,0,0,0,0,0,0,0,0,0,0,0,0,0,0,0,0,0
AM,2022-05-03,Q399,Armenia,6.0,0.0,2963234,0,0,0,0,0,0,0,0,0,0,0,0,0,0,0,0,0,0,0
AM,2022-05-04,Q399,Armenia,4.0,0.0,2963234,0,0,0,0,0,0,0,0,0,0,0,0,0,0,0,0,0,0,0
AM,2022-05-05,Q399,Armenia,4.0,1.0,2963234,0,0,0,0,0,0,0,0,0,0,0,0,0,0,0,0,0,0,0
AM,2022-05-06,Q399,Armenia,1.0,0.0,2963234,0,0,0,0,0,0,0,0,0,0,0,0,0,0,0,0,0,0,0
AM,2022-05-07,Q399,Armenia,4.0,0.0,2963234,0,0,0,0,0,0,0,0,0,0,0,0,0,0,0,0,0,0,0
AM,2022-05-08,Q399,Armenia,4.0,0.0,2963234,0,0,0,0,0,0,0,0,0,0,0,0,0,0,0,0,0,0,0
AM,2022-05-09,Q399,Armenia,5.0,0.0,2963234,0,0,0,0,0,0,0,0,0,0,0,0,0,0,0,0,0,0,0
AM,2022-05-10,Q399,Armenia,2.0,0.0,2963234,0,0,0,0,0,0,0,0,0,0,0,0,0,0,0,0,0,0,0
AM,2022-05-11,Q399,Armenia,4.0,0.0,2963234,0,0,0,0,0,0,0,0,0,0,0,0,0,0,0,0,0,0,0
AM,2022-05-12,Q399,Armenia,3.0,0.0,2963234,0,0,0,0,0,0,0,0,0,0,0,0,0,0,0,0,0,0,0
AM,2022-05-13,Q399,Armenia,3.0,0.0,2963234,0,0,0,0,0,0,0,0,0,0,0,0,0,0,0,0,0,0,0
AM,2022-05-14,Q399,Armenia,0.0,0.0,2963234,0,0,0,0,0,0,0,0,0,0,0,0,0,0,0,0,0,0,0
AM,2022-05-15,Q399,Armenia,3.0,0.0,2963234,0,0,0,0,0,0,0,0,0,0,0,0,0,0,0,0,0,0,0
AM,2022-05-16,Q399,Armenia,1.0,0.0,2963234,0,0,0,0,0,0,0,0,0,0,0,0,0,0,0,0,0,0,0
AM,2022-05-17,Q399,Armenia,3.0,0.0,2963234,0,0,0,0,0,0,0,0,0,0,0,0,0,0,0,0,0,0,0
AM,2022-05-18,Q399,Armenia,4.0,1.0,2963234,0,0,0,0,0,0,0,0,0,0,0,0,0,0,0,0,0,0,0
AM,2022-05-19,Q399,Armenia,4.0,0.0,2963234,0,0,0,0,0,0,0,0,0,0,0,0,0,0,0,0,0,0,0
AM,2022-05-20,Q399,Armenia,3.0,0.0,2963234,0,0,0,0,0,0,0,0,0,0,0,0,0,0,0,0,0,0,0
AM,2022-05-21,Q399,Armenia,4.0,0.0,2963234,0,0,0,0,0,0,0,0,0,0,0,0,0,0,0,0,0,0,0
AM,2022-05-22,Q399,Armenia,3.0,0.0,2963234,0,0,0,0,0,0,0,0,0,0,0,0,0,0,0,0,0,0,0
AM,2022-05-23,Q399,Armenia,2.0,0.0,2963234,0,0,0,0,0,0,0,0,0,0,0,0,0,0,0,0,0,0,0
AM,2022-05-24,Q399,Armenia,1.0,0.0,2963234,0,0,0,0,0,0,0,0,0,0,0,0,0,0,0,0,0,0,0
AM,2022-05-25,Q399,Armenia,5.0,0.0,2963234,0,0,0,0,0,0,0,0,0,0,0,0,0,0,0,0,0,0,0
AM,2022-05-26,Q399,Armenia,4.0,1.0,2963234,0,0,0,0,0,0,0,0,0,0,0,0,0,0,0,0,0,0,0
AM,2022-05-27,Q399,Armenia,6.0,0.0,2963234,0,0,0,0,0,0,0,0,0,0,0,0,0,0,0,0,0,0,0
AM,2022-05-28,Q399,Armenia,3.0,0.0,2963234,0,0,0,0,0,0,0,0,0,0,0,0,0,0,0,0,0,0,0
AM,2022-05-29,Q399,Armenia,0.0,0.0,2963234,0,0,0,0,0,0,0,0,0,0,0,0,0,0,0,0,0,0,0
AM,2022-05-30,Q399,Armenia,0.0,0.0,2963234,0,0,0,0,0,0,0,0,0,0,0,0,0,0,0,0,0,0,0
AM,2022-05-31,Q399,Armenia,0.0,0.0,2963234,0,0,0,0,0,0,0,0,0,0,0,0,0,0,0,0,0,0,0
AM,2022-06-01,Q399,Armenia,0.0,0.0,2963234,0,0,0,0,0,0,0,0,0,0,0,0,0,0,0,0,0,0,0
AM,2022-06-02,Q399,Armenia,0.0,0.0,2963234,0,0,0,0,0,0,0,0,0,0,0,0,0,0,0,0,0,0,0
AM,2022-06-03,Q399,Armenia,0.0,0.0,2963234,0,0,0,0,0,0,0,0,0,0,0,0,0,0,0,0,0,0,0
AM,2022-06-04,Q399,Armenia,43.0,0.0,2963234,0,0,0,0,0,0,0,0,0,0,0,0,0,0,0,0,0,0,0
AM,2022-06-05,Q399,Armenia,0.0,0.0,2963234,0,0,0,0,0,0,0,0,0,0,0,0,0,0,0,0,0,0,0
AM,2022-06-06,Q399,Armenia,0.0,0.0,2963234,0,0,0,0,0,0,0,0,0,0,0,0,0,0,0,0,0,0,0
AM,2022-06-07,Q399,Armenia,0.0,0.0,2963234,0,0,0,0,0,0,0,0,0,0,0,0,0,0,0,0,0,0,0
AM,2022-06-08,Q399,Armenia,0.0,0.0,2963234,0,0,0,0,0,0,0,0,0,0,0,0,0,0,0,0,0,0,0
AM,2022-06-09,Q399,Armenia,0.0,0.0,2963234,0,0,0,0,0,0,0,0,0,0,0,0,0,0,0,0,0,0,0
AM,2022-06-10,Q399,Armenia,0.0,0.0,2963234,0,0,0,0,0,0,0,0,0,0,0,0,0,0,0,0,0,0,0
AM,2022-06-11,Q399,Armenia,38.0,0.0,2963234,0,0,0,0,0,0,0,0,0,0,0,0,0,0,0,0,0,0,0
AM,2022-06-12,Q399,Armenia,0.0,0.0,2963234,0,0,0,0,0,0,0,0,0,0,0,0,0,0,0,0,0,0,0
AM,2022-06-13,Q399,Armenia,0.0,0.0,2963234,0,0,0,0,0,0,0,0,0,0,0,0,0,0,0,0,0,0,0
AM,2022-06-14,Q399,Armenia,0.0,0.0,2963234,0,0,0,0,0,0,0,0,0,0,0,0,0,0,0,0,0,0,0
AM,2022-06-15,Q399,Armenia,0.0,0.0,2963234,0,0,0,0,0,0,0,0,0,0,0,0,0,0,0,0,0,0,0
AM,2022-06-16,Q399,Armenia,0.0,0.0,2963234,0,0,0,0,0,0,0,0,0,0,0,0,0,0,0,0,0,0,0
AM,2022-06-17,Q399,Armenia,0.0,0.0,2963234,0,0,0,0,0,0,0,0,0,0,0,0,0,0,0,0,0,0,0
AM,2022-06-18,Q399,Armenia,60.0,0.0,2963234,0,0,0,0,0,0,0,0,0,0,0,0,0,0,0,0,0,0,0
AM,2022-06-19,Q399,Armenia,0.0,0.0,2963234,0,0,0,0,0,0,0,0,0,0,0,0,0,0,0,0,0,0,0
AM,2022-06-20,Q399,Armenia,0.0,0.0,2963234,0,0,0,0,0,0,0,0,0,0,0,0,0,0,0,0,0,0,0
AM,2022-06-21,Q399,Armenia,0.0,0.0,2963234,0,0,0,0,0,0,0,0,0,0,0,0,0,0,0,0,0,0,0
AM,2022-06-22,Q399,Armenia,0.0,0.0,2963234,0,0,0,0,0,0,0,0,0,0,0,0,0,0,0,0,0,0,0
AM,2022-06-23,Q399,Armenia,0.0,0.0,2963234,0,0,0,0,0,0,0,0,0,0,0,0,0,0,0,0,0,0,0
AM,2022-06-24,Q399,Armenia,0.0,0.0,2963234,0,0,0,0,0,0,0,0,0,0,0,0,0,0,0,0,0,0,0
AM,2022-06-25,Q399,Armenia,139.0,1.0,2963234,0,0,0,0,0,0,0,0,0,0,0,0,0,0,0,0,0,0,0
AM,2022-06-26,Q399,Armenia,0.0,0.0,2963234,0,0,0,0,0,0,0,0,0,0,0,0,0,0,0,0,0,0,0
AM,2022-06-27,Q399,Armenia,0.0,0.0,2963234,0,0,0,0,0,0,0,0,0,0,0,0,0,0,0,0,0,0,0
AM,2022-06-28,Q399,Armenia,0.0,0.0,2963234,0,0,0,0,0,0,0,0,0,0,0,0,0,0,0,0,0,0,0
AM,2022-06-29,Q399,Armenia,0.0,0.0,2963234,0,0,0,0,0,0,0,0,0,0,0,0,0,0,0,0,0,0,0
AM,2022-06-30,Q399,Armenia,0.0,0.0,2963234,0,0,0,0,0,0,0,0,0,0,0,0,0,0,0,0,0,0,0
AM,2022-07-01,Q399,Armenia,0.0,0.0,2963234,0,0,0,0,0,0,0,0,0,0,0,0,0,0,0,0,0,0,0
AM,2022-07-02,Q399,Armenia,174.0,0.0,2963234,0,0,0,0,0,0,0,0,0,0,0,0,0,0,0,0,0,0,0
AM,2022-07-03,Q399,Armenia,0.0,0.0,2963234,0,0,0,0,0,0,0,0,0,0,0,0,0,0,0,0,0,0,0
AM,2022-07-04,Q399,Armenia,0.0,0.0,2963234,0,0,0,0,0,0,0,0,0,0,0,0,0,0,0,0,0,0,0
AM,2022-07-05,Q399,Armenia,0.0,0.0,2963234,0,0,0,0,0,0,0,0,0,0,0,0,0,0,0,0,0,0,0
AM,2022-07-06,Q399,Armenia,0.0,0.0,2963234,0,0,0,0,0,0,0,0,0,0,0,0,0,0,0,0,0,0,0
AM,2022-07-07,Q399,Armenia,0.0,0.0,2963234,0,0,0,0,0,0,0,0,0,0,0,0,0,0,0,0,0,0,0
AM,2022-07-08,Q399,Armenia,0.0,0.0,2963234,0,0,0,0,0,0,0,0,0,0,0,0,0,0,0,0,0,0,0
AM,2022-07-09,Q399,Armenia,354.0,0.0,2963234,0,0,0,0,0,0,0,0,0,0,0,0,0,0,0,0,0,0,0
AM,2022-07-10,Q399,Armenia,0.0,0.0,2963234,0,0,0,0,0,0,0,0,0,0,0,0,0,0,0,0,0,0,0
AM,2022-07-11,Q399,Armenia,0.0,0.0,2963234,0,0,0,0,0,0,0,0,0,0,0,0,0,0,0,0,0,0,0
AM,2022-07-12,Q399,Armenia,0.0,0.0,2963234,0,0,0,0,0,0,0,0,0,0,0,0,0,0,0,0,0,0,0
AM,2022-07-13,Q399,Armenia,0.0,0.0,2963234,0,0,0,0,0,0,0,0,0,0,0,0,0,0,0,0,0,0,0
AM,2022-07-14,Q399,Armenia,0.0,0.0,2963234,0,0,0,0,0,0,0,0,0,0,0,0,0,0,0,0,0,0,0
AM,2022-07-15,Q399,Armenia,0.0,0.0,2963234,0,0,0,0,0,0,0,0,0,0,0,0,0,0,0,0,0,0,0
AM,2022-07-16,Q399,Armenia,629.0,0.0,2963234,0,0,0,0,0,0,0,0,0,0,0,0,0,0,0,0,0,0,0
AM,2022-07-17,Q399,Armenia,0.0,0.0,2963234,0,0,0,0,0,0,0,0,0,0,0,0,0,0,0,0,0,0,0
AM,2022-07-18,Q399,Armenia,0.0,0.0,2963234,0,0,0,0,0,0,0,0,0,0,0,0,0,0,0,0,0,0,0
AM,2022-07-19,Q399,Armenia,0.0,0.0,2963234,0,0,0,0,0,0,0,0,0,0,0,0,0,0,0,0,0,0,0
AM,2022-07-20,Q399,Armenia,0.0,0.0,2963234,0,0,0,0,0,0,0,0,0,0,0,0,0,0,0,0,0,0,0
AM,2022-07-21,Q399,Armenia,0.0,0.0,2963234,0,0,0,0,0,0,0,0,0,0,0,0,0,0,0,0,0,0,0
AM,2022-07-22,Q399,Armenia,0.0,0.0,2963234,0,0,0,0,0,0,0,0,0,0,0,0,0,0,0,0,0,0,0
AM,2022-07-23,Q399,Armenia,965.0,7.0,2963234,0,0,0,0,0,0,0,0,0,0,0,0,0,0,0,0,0,0,0
AM,2022-07-24,Q399,Armenia,0.0,0.0,2963234,0,0,0,0,0,0,0,0,0,0,0,0,0,0,0,0,0,0,0
AM,2022-07-25,Q399,Armenia,0.0,0.0,2963234,0,0,0,0,0,0,0,0,0,0,0,0,0,0,0,0,0,0,0
AM,2022-07-26,Q399,Armenia,0.0,0.0,2963234,0,0,0,0,0,0,0,0,0,0,0,0,0,0,0,0,0,0,0
AM,2022-07-27,Q399,Armenia,0.0,0.0,2963234,0,0,0,0,0,0,0,0,0,0,0,0,0,0,0,0,0,0,0
AM,2022-07-28,Q399,Armenia,0.0,0.0,2963234,0,0,0,0,0,0,0,0,0,0,0,0,0,0,0,0,0,0,0
AM,2022-07-29,Q399,Armenia,0.0,0.0,2963234,0,0,0,0,0,0,0,0,0,0,0,0,0,0,0,0,0,0,0
AM,2022-07-30,Q399,Armenia,1434.0,2.0,2963234,0,0,0,0,0,0,0,0,0,0,0,0,0,0,0,0,0,0,0
AM,2022-07-31,Q399,Armenia,0.0,0.0,2963234,0,0,0,0,0,0,0,0,0,0,0,0,0,0,0,0,0,0,0
AM,2022-08-01,Q399,Armenia,0.0,0.0,2963234,0,0,0,0,0,0,0,0,0,0,0,0,0,0,0,0,0,0,0
AM,2022-08-02,Q399,Armenia,0.0,0.0,2963234,0,0,0,0,0,0,0,0,0,0,0,0,0,0,0,0,0,0,0
AM,2022-08-03,Q399,Armenia,0.0,0.0,2963234,0,0,0,0,0,0,0,0,0,0,0,0,0,0,0,0,0,0,0
AM,2022-08-04,Q399,Armenia,0.0,0.0,2963234,0,0,0,0,0,0,0,0,0,0,0,0,0,0,0,0,0,0,0
AM,2022-08-05,Q399,Armenia,0.0,0.0,2963234,0,0,0,0,0,0,0,0,0,0,0,0,0,0,0,0,0,0,0
AM,2022-08-06,Q399,Armenia,1849.0,2.0,2963234,0,0,0,0,0,0,0,0,0,0,0,0,0,0,0,0,0,0,0
AM,2022-08-07,Q399,Armenia,0.0,0.0,2963234,0,0,0,0,0,0,0,0,0,0,0,0,0,0,0,0,0,0,0
AM,2022-08-08,Q399,Armenia,0.0,0.0,2963234,0,0,0,0,0,0,0,0,0,0,0,0,0,0,0,0,0,0,0
AM,2022-08-09,Q399,Armenia,0.0,0.0,2963234,0,0,0,0,0,0,0,0,0,0,0,0,0,0,0,0,0,0,0
AM,2022-08-10,Q399,Armenia,0.0,0.0,2963234,0,0,0,0,0,0,0,0,0,0,0,0,0,0,0,0,0,0,0
AM,2022-08-11,Q399,Armenia,0.0,0.0,2963234,0,0,0,0,0,0,0,0,0,0,0,0,0,0,0,0,0,0,0
AM,2022-08-12,Q399,Armenia,0.0,0.0,2963234,0,0,0,0,0,0,0,0,0,0,0,0,0,0,0,0,0,0,0
AM,2022-08-13,Q399,Armenia,1713.0,6.0,2963234,0,0,0,0,0,0,0,0,0,0,0,0,0,0,0,0,0,0,0
AM,2022-08-14,Q399,Armenia,0.0,0.0,2963234,0,0,0,0,0,0,0,0,0,0,0,0,0,0,0,0,0,0,0
AM,2022-08-15,Q399,Armenia,0.0,0.0,2963234,0,0,0,0,0,0,0,0,0,0,0,0,0,0,0,0,0,0,0
AM,2022-08-16,Q399,Armenia,0.0,0.0,2963234,0,0,0,0,0,0,0,0,0,0,0,0,0,0,0,0,0,0,0
AM,2022-08-17,Q399,Armenia,0.0,0.0,2963234,0,0,0,0,0,0,0,0,0,0,0,0,0,0,0,0,0,0,0
AM,2022-08-18,Q399,Armenia,0.0,0.0,2963234,0,0,0,0,0,0,0,0,0,0,0,0,0,0,0,0,0,0,0
AM,2022-08-19,Q399,Armenia,0.0,0.0,2963234,0,0,0,0,0,0,0,0,0,0,0,0,0,0,0,0,0,0,0
AM,2022-08-20,Q399,Armenia,1913.0,5.0,2963234,0,0,0,0,0,0,0,0,0,0,0,0,0,0,0,0,0,0,0
AM,2022-08-21,Q399,Armenia,0.0,0.0,2963234,0,0,0,0,0,0,0,0,0,0,0,0,0,0,0,0,0,0,0
AM,2022-08-22,Q399,Armenia,0.0,0.0,2963234,0,0,0,0,0,0,0,0,0,0,0,0,0,0,0,0,0,0,0
AM,2022-08-23,Q399,Armenia,0.0,0.0,2963234,0,0,0,0,0,0,0,0,0,0,0,0,0,0,0,0,0,0,0
AM,2022-08-24,Q399,Armenia,0.0,0.0,2963234,0,0,0,0,0,0,0,0,0,0,0,0,0,0,0,0,0,0,0
AM,2022-08-25,Q399,Armenia,0.0,0.0,2963234,0,0,0,0,0,0,0,0,0,0,0,0,0,0,0,0,0,0,0
AM,2022-08-26,Q399,Armenia,0.0,0.0,2963234,0,0,0,0,0,0,0,0,0,0,0,0,0,0,0,0,0,0,0
AM,2022-08-27,Q399,Armenia,2124.0,7.0,2963234,0,0,0,0,0,0,0,0,0,0,0,0,0,0,0,0,0,0,0
AM,2022-08-28,Q399,Armenia,0.0,0.0,2963234,0,0,0,0,0,0,0,0,0,0,0,0,0,0,0,0,0,0,0
AM,2022-08-29,Q399,Armenia,0.0,0.0,2963234,0,0,0,0,0,0,0,0,0,0,0,0,0,0,0,0,0,0,0
AM,2022-08-30,Q399,Armenia,0.0,0.0,2963234,0,0,0,0,0,0,0,0,0,0,0,0,0,0,0,0,0,0,0
AM,2022-08-31,Q399,Armenia,0.0,0.0,2963234,0,0,0,0,0,0,0,0,0,0,0,0,0,0,0,0,0,0,0
AM,2022-09-01,Q399,Armenia,0.0,0.0,2963234,0,0,0,0,0,0,0,0,0,0,0,0,0,0,0,0,0,0,0
AM,2022-09-02,Q399,Armenia,0.0,0.0,2963234,0,0,0,0,0,0,0,0,0,0,0,0,0,0,0,0,0,0,0
AM,2022-09-03,Q399,Armenia,2329.0,7.0,2963234,0,0,0,0,0,0,0,0,0,0,0,0,0,0,0,0,0,0,0
AM,2022-09-04,Q399,Armenia,0.0,0.0,2963234,0,0,0,0,0,0,0,0,0,0,0,0,0,0,0,0,0,0,0
AM,2022-09-05,Q399,Armenia,0.0,0.0,2963234,0,0,0,0,0,0,0,0,0,0,0,0,0,0,0,0,0,0,0
AM,2022-09-06,Q399,Armenia,0.0,0.0,2963234,0,0,0,0,0,0,0,0,0,0,0,0,0,0,0,0,0,0,0
AM,2022-09-07,Q399,Armenia,0.0,0.0,2963234,0,0,0,0,0,0,0,0,0,0,0,0,0,0,0,0,0,0,0
AM,2022-09-08,Q399,Armenia,0.0,0.0,2963234,0,0,0,0,0,0,0,0,0,0,0,0,0,0,0,0,0,0,0
AM,2022-09-09,Q399,Armenia,0.0,0.0,2963234,0,0,0,0,0,0,0,0,0,0,0,0,0,0,0,0,0,0,0
AM,2022-09-10,Q399,Armenia,2575.0,7.0,2963234,0,0,0,0,0,0,0,0,0,0,0,0,0,0,0,0,0,0,0
AM,2022-09-11,Q399,Armenia,0.0,0.0,2963234,0,0,0,0,0,0,0,0,0,0,0,0,0,0,0,0,0,0,0
AM,2022-09-12,Q399,Armenia,0.0,0.0,2963234,0,0,0,0,0,0,0,0,0,0,0,0,0,0,0,0,0,0,0
AM,2022-09-13,Q399,Armenia,0.0,0.0,2963234,0,0,0,0,0,0,0,0,0,0,0,0,0,0,0,0,0,0,0
AM,2022-09-14,Q399,Armenia,,,2963234,0,0,0,0,0,0,0,0,0,0,0,0,0,0,0,0,0,0,0
AM,2022-09-15,Q399,Armenia,,,2963234,0,0,0,0,0,0,0,0,0,0,0,0,0,0,0,0,0,0,0
AM,2022-09-16,Q399,Armenia,,,2963234,0,0,0,0,0,0,0,0,0,0,0,0,0,0,0,0,0,0,0
AM,2022-09-17,Q399,Armenia,,,2963234,0,0,0,0,0,0,0,0,0,0,0,0,0,0,0,0,0,0,0
