location_key,date,wikidata_id,country_name,new_confirmed,new_deceased,population,latitude,longitude,school_closing,workplace_closing,cancel_public_events,restrictions_on_gatherings,public_transport_closing,stay_at_home_requirements,restrictions_on_internal_movement,international_travel_controls,contact_tracing,stringency_index
EG,2020-01-01,Q79,Egypt,0.0,0.0,102334403,27.0,29.0,0.0,0.0,0.0,0.0,0.0,0.0,0.0,0.0,0.0,0.0
EG,2020-01-02,Q79,Egypt,0.0,0.0,102334403,27.0,29.0,0.0,0.0,0.0,0.0,0.0,0.0,0.0,0.0,0.0,0.0
EG,2020-01-03,Q79,Egypt,0.0,0.0,102334403,27.0,29.0,0.0,0.0,0.0,0.0,0.0,0.0,0.0,0.0,0.0,0.0
EG,2020-01-04,Q79,Egypt,0.0,0.0,102334403,27.0,29.0,0.0,0.0,0.0,0.0,0.0,0.0,0.0,0.0,0.0,0.0
EG,2020-01-05,Q79,Egypt,0.0,0.0,102334403,27.0,29.0,0.0,0.0,0.0,0.0,0.0,0.0,0.0,0.0,0.0,0.0
EG,2020-01-06,Q79,Egypt,0.0,0.0,102334403,27.0,29.0,0.0,0.0,0.0,0.0,0.0,0.0,0.0,0.0,0.0,0.0
EG,2020-01-07,Q79,Egypt,0.0,0.0,102334403,27.0,29.0,0.0,0.0,0.0,0.0,0.0,0.0,0.0,0.0,0.0,0.0
EG,2020-01-08,Q79,Egypt,0.0,0.0,102334403,27.0,29.0,0.0,0.0,0.0,0.0,0.0,0.0,0.0,0.0,0.0,0.0
EG,2020-01-09,Q79,Egypt,0.0,0.0,102334403,27.0,29.0,0.0,0.0,0.0,0.0,0.0,0.0,0.0,0.0,0.0,0.0
EG,2020-01-10,Q79,Egypt,0.0,0.0,102334403,27.0,29.0,0.0,0.0,0.0,0.0,0.0,0.0,0.0,0.0,0.0,0.0
EG,2020-01-11,Q79,Egypt,0.0,0.0,102334403,27.0,29.0,0.0,0.0,0.0,0.0,0.0,0.0,0.0,0.0,0.0,0.0
EG,2020-01-12,Q79,Egypt,0.0,0.0,102334403,27.0,29.0,0.0,0.0,0.0,0.0,0.0,0.0,0.0,0.0,0.0,0.0
EG,2020-01-13,Q79,Egypt,0.0,0.0,102334403,27.0,29.0,0.0,0.0,0.0,0.0,0.0,0.0,0.0,0.0,0.0,0.0
EG,2020-01-14,Q79,Egypt,0.0,0.0,102334403,27.0,29.0,0.0,0.0,0.0,0.0,0.0,0.0,0.0,0.0,0.0,0.0
EG,2020-01-15,Q79,Egypt,0.0,0.0,102334403,27.0,29.0,0.0,0.0,0.0,0.0,0.0,0.0,0.0,0.0,0.0,0.0
EG,2020-01-16,Q79,Egypt,0.0,0.0,102334403,27.0,29.0,0.0,0.0,0.0,0.0,0.0,0.0,0.0,0.0,0.0,0.0
EG,2020-01-17,Q79,Egypt,0.0,0.0,102334403,27.0,29.0,0.0,0.0,0.0,0.0,0.0,0.0,0.0,0.0,0.0,0.0
EG,2020-01-18,Q79,Egypt,0.0,0.0,102334403,27.0,29.0,0.0,0.0,0.0,0.0,0.0,0.0,0.0,0.0,0.0,0.0
EG,2020-01-19,Q79,Egypt,0.0,0.0,102334403,27.0,29.0,0.0,0.0,0.0,0.0,0.0,0.0,0.0,0.0,0.0,0.0
EG,2020-01-20,Q79,Egypt,0.0,0.0,102334403,27.0,29.0,0.0,0.0,0.0,0.0,0.0,0.0,0.0,0.0,0.0,0.0
EG,2020-01-21,Q79,Egypt,0.0,0.0,102334403,27.0,29.0,0.0,0.0,0.0,0.0,0.0,0.0,0.0,0.0,0.0,0.0
EG,2020-01-22,Q79,Egypt,0.0,0.0,102334403,27.0,29.0,0.0,0.0,0.0,0.0,0.0,0.0,0.0,0.0,0.0,0.0
EG,2020-01-23,Q79,Egypt,0.0,0.0,102334403,27.0,29.0,0.0,0.0,0.0,0.0,0.0,0.0,0.0,0.0,0.0,0.0
EG,2020-01-24,Q79,Egypt,0.0,0.0,102334403,27.0,29.0,0.0,0.0,0.0,0.0,0.0,0.0,0.0,0.0,0.0,0.0
EG,2020-01-25,Q79,Egypt,0.0,0.0,102334403,27.0,29.0,0.0,0.0,0.0,0.0,0.0,0.0,0.0,0.0,0.0,0.0
EG,2020-01-26,Q79,Egypt,0.0,0.0,102334403,27.0,29.0,0.0,0.0,0.0,0.0,0.0,0.0,0.0,0.0,0.0,0.0
EG,2020-01-27,Q79,Egypt,0.0,0.0,102334403,27.0,29.0,0.0,0.0,0.0,0.0,0.0,0.0,0.0,0.0,0.0,0.0
EG,2020-01-28,Q79,Egypt,0.0,0.0,102334403,27.0,29.0,0.0,0.0,0.0,0.0,0.0,0.0,0.0,0.0,0.0,0.0
EG,2020-01-29,Q79,Egypt,0.0,0.0,102334403,27.0,29.0,0.0,0.0,0.0,0.0,0.0,0.0,0.0,0.0,0.0,0.0
EG,2020-01-30,Q79,Egypt,0.0,0.0,102334403,27.0,29.0,0.0,0.0,0.0,0.0,0.0,0.0,0.0,0.0,0.0,0.0
EG,2020-01-31,Q79,Egypt,0.0,0.0,102334403,27.0,29.0,0.0,0.0,0.0,0.0,0.0,0.0,0.0,0.0,0.0,0.0
EG,2020-02-01,Q79,Egypt,0.0,0.0,102334403,27.0,29.0,0.0,0.0,0.0,0.0,0.0,0.0,0.0,0.0,0.0,0.0
EG,2020-02-02,Q79,Egypt,0.0,0.0,102334403,27.0,29.0,0.0,0.0,0.0,0.0,0.0,0.0,0.0,0.0,0.0,0.0
EG,2020-02-03,Q79,Egypt,0.0,0.0,102334403,27.0,29.0,0.0,0.0,0.0,0.0,0.0,0.0,0.0,0.0,0.0,0.0
EG,2020-02-04,Q79,Egypt,0.0,0.0,102334403,27.0,29.0,0.0,0.0,0.0,0.0,0.0,0.0,0.0,0.0,0.0,0.0
EG,2020-02-05,Q79,Egypt,0.0,0.0,102334403,27.0,29.0,0.0,0.0,0.0,0.0,0.0,0.0,0.0,0.0,0.0,0.0
EG,2020-02-06,Q79,Egypt,0.0,0.0,102334403,27.0,29.0,0.0,0.0,0.0,0.0,0.0,0.0,0.0,0.0,0.0,0.0
EG,2020-02-07,Q79,Egypt,0.0,0.0,102334403,27.0,29.0,0.0,0.0,0.0,0.0,0.0,0.0,0.0,0.0,0.0,0.0
EG,2020-02-08,Q79,Egypt,0.0,0.0,102334403,27.0,29.0,0.0,0.0,0.0,0.0,0.0,0.0,0.0,0.0,0.0,0.0
EG,2020-02-09,Q79,Egypt,0.0,0.0,102334403,27.0,29.0,0.0,0.0,0.0,0.0,0.0,0.0,0.0,0.0,0.0,0.0
EG,2020-02-10,Q79,Egypt,0.0,0.0,102334403,27.0,29.0,0.0,0.0,0.0,0.0,0.0,0.0,0.0,0.0,0.0,0.0
EG,2020-02-11,Q79,Egypt,0.0,0.0,102334403,27.0,29.0,0.0,0.0,0.0,0.0,0.0,0.0,0.0,0.0,0.0,0.0
EG,2020-02-12,Q79,Egypt,5.0,0.0,102334403,27.0,29.0,0.0,0.0,0.0,0.0,0.0,0.0,0.0,0.0,0.0,0.0
EG,2020-02-13,Q79,Egypt,0.0,0.0,102334403,27.0,29.0,0.0,0.0,0.0,0.0,0.0,0.0,0.0,0.0,0.0,0.0
EG,2020-02-14,Q79,Egypt,0.0,0.0,102334403,27.0,29.0,0.0,0.0,0.0,0.0,0.0,0.0,0.0,0.0,2.0,0.0
EG,2020-02-15,Q79,Egypt,0.0,0.0,102334403,27.0,29.0,0.0,0.0,0.0,0.0,0.0,0.0,0.0,0.0,2.0,0.0
EG,2020-02-16,Q79,Egypt,0.0,0.0,102334403,27.0,29.0,0.0,0.0,0.0,0.0,0.0,0.0,0.0,0.0,2.0,0.0
EG,2020-02-17,Q79,Egypt,0.0,0.0,102334403,27.0,29.0,0.0,0.0,0.0,0.0,0.0,0.0,0.0,0.0,2.0,0.0
EG,2020-02-18,Q79,Egypt,0.0,0.0,102334403,27.0,29.0,0.0,0.0,0.0,0.0,0.0,0.0,0.0,0.0,2.0,0.0
EG,2020-02-19,Q79,Egypt,0.0,0.0,102334403,27.0,29.0,0.0,0.0,0.0,0.0,0.0,0.0,0.0,0.0,2.0,0.0
EG,2020-02-20,Q79,Egypt,0.0,0.0,102334403,27.0,29.0,0.0,0.0,0.0,0.0,0.0,0.0,0.0,0.0,2.0,0.0
EG,2020-02-21,Q79,Egypt,0.0,0.0,102334403,27.0,29.0,0.0,0.0,0.0,0.0,0.0,0.0,0.0,0.0,2.0,0.0
EG,2020-02-22,Q79,Egypt,0.0,0.0,102334403,27.0,29.0,0.0,0.0,0.0,0.0,0.0,0.0,0.0,0.0,2.0,0.0
EG,2020-02-23,Q79,Egypt,0.0,0.0,102334403,27.0,29.0,0.0,0.0,0.0,0.0,0.0,0.0,0.0,0.0,2.0,0.0
EG,2020-02-24,Q79,Egypt,0.0,0.0,102334403,27.0,29.0,0.0,0.0,0.0,0.0,0.0,0.0,0.0,0.0,2.0,0.0
EG,2020-02-25,Q79,Egypt,0.0,0.0,102334403,27.0,29.0,0.0,0.0,0.0,0.0,0.0,0.0,0.0,0.0,2.0,0.0
EG,2020-02-26,Q79,Egypt,0.0,0.0,102334403,27.0,29.0,0.0,0.0,0.0,0.0,0.0,0.0,0.0,0.0,2.0,0.0
EG,2020-02-27,Q79,Egypt,0.0,0.0,102334403,27.0,29.0,0.0,0.0,0.0,0.0,0.0,0.0,0.0,0.0,2.0,0.0
EG,2020-02-28,Q79,Egypt,0.0,0.0,102334403,27.0,29.0,0.0,0.0,0.0,0.0,0.0,0.0,0.0,0.0,2.0,0.0
EG,2020-02-29,Q79,Egypt,1.0,0.0,102334403,27.0,29.0,0.0,0.0,0.0,0.0,0.0,0.0,0.0,0.0,2.0,0.0
EG,2020-03-01,Q79,Egypt,0.0,0.0,102334403,27.0,29.0,0.0,0.0,0.0,0.0,0.0,0.0,0.0,0.0,2.0,0.0
EG,2020-03-02,Q79,Egypt,0.0,0.0,102334403,27.0,29.0,0.0,0.0,0.0,0.0,0.0,0.0,0.0,0.0,2.0,0.0
EG,2020-03-03,Q79,Egypt,1.0,0.0,102334403,27.0,29.0,0.0,0.0,0.0,0.0,0.0,0.0,0.0,0.0,2.0,0.0
EG,2020-03-04,Q79,Egypt,0.0,0.0,102334403,27.0,29.0,0.0,0.0,0.0,0.0,0.0,0.0,0.0,0.0,2.0,0.0
EG,2020-03-05,Q79,Egypt,12.0,0.0,102334403,27.0,29.0,0.0,0.0,0.0,0.0,0.0,0.0,0.0,0.0,2.0,0.0
EG,2020-03-06,Q79,Egypt,34.0,1.0,102334403,27.0,29.0,0.0,0.0,0.0,0.0,0.0,0.0,0.0,0.0,2.0,0.0
EG,2020-03-07,Q79,Egypt,6.0,0.0,102334403,27.0,29.0,0.0,0.0,0.0,0.0,0.0,0.0,0.0,0.0,2.0,0.0
EG,2020-03-08,Q79,Egypt,4.0,0.0,102334403,27.0,29.0,0.0,0.0,0.0,0.0,0.0,0.0,0.0,0.0,2.0,0.0
EG,2020-03-09,Q79,Egypt,8.0,0.0,102334403,27.0,29.0,0.0,0.0,0.0,0.0,0.0,0.0,0.0,0.0,2.0,0.0
EG,2020-03-10,Q79,Egypt,0.0,0.0,102334403,27.0,29.0,0.0,0.0,0.0,0.0,0.0,0.0,0.0,0.0,2.0,0.0
EG,2020-03-11,Q79,Egypt,0.0,0.0,102334403,27.0,29.0,0.0,0.0,0.0,0.0,0.0,0.0,0.0,0.0,2.0,0.0
EG,2020-03-12,Q79,Egypt,26.0,1.0,102334403,27.0,29.0,0.0,0.0,0.0,0.0,0.0,0.0,0.0,0.0,2.0,0.0
EG,2020-03-13,Q79,Egypt,17.0,0.0,102334403,27.0,29.0,0.0,0.0,0.0,0.0,0.0,0.0,0.0,0.0,2.0,0.0
EG,2020-03-14,Q79,Egypt,16.0,0.0,102334403,27.0,29.0,0.0,0.0,0.0,0.0,0.0,0.0,0.0,0.0,2.0,0.0
EG,2020-03-15,Q79,Egypt,40.0,2.0,102334403,27.0,29.0,3.0,0.0,0.0,0.0,0.0,0.0,0.0,0.0,2.0,11.11
EG,2020-03-16,Q79,Egypt,30.0,2.0,102334403,27.0,29.0,3.0,2.0,0.0,0.0,0.0,0.0,0.0,0.0,2.0,18.52
EG,2020-03-17,Q79,Egypt,14.0,0.0,102334403,27.0,29.0,3.0,2.0,0.0,0.0,0.0,0.0,0.0,0.0,2.0,18.52
EG,2020-03-18,Q79,Egypt,42.0,1.0,102334403,27.0,29.0,3.0,2.0,0.0,0.0,0.0,0.0,0.0,0.0,2.0,18.52
EG,2020-03-19,Q79,Egypt,29.0,1.0,102334403,27.0,29.0,3.0,2.0,0.0,0.0,0.0,0.0,0.0,4.0,2.0,29.63
EG,2020-03-20,Q79,Egypt,9.0,2.0,102334403,27.0,29.0,3.0,2.0,0.0,0.0,0.0,0.0,0.0,4.0,2.0,29.63
EG,2020-03-21,Q79,Egypt,33.0,4.0,102334403,27.0,29.0,3.0,2.0,2.0,0.0,0.0,0.0,0.0,4.0,2.0,40.74
EG,2020-03-22,Q79,Egypt,39.0,5.0,102334403,27.0,29.0,3.0,2.0,2.0,0.0,0.0,0.0,0.0,4.0,2.0,40.74
EG,2020-03-23,Q79,Egypt,36.0,1.0,102334403,27.0,29.0,3.0,2.0,2.0,0.0,0.0,0.0,0.0,4.0,2.0,40.74
EG,2020-03-24,Q79,Egypt,54.0,1.0,102334403,27.0,29.0,3.0,2.0,2.0,0.0,0.0,0.0,0.0,4.0,2.0,51.85
EG,2020-03-25,Q79,Egypt,39.0,3.0,102334403,27.0,29.0,3.0,2.0,2.0,1.0,2.0,2.0,2.0,4.0,2.0,84.26
EG,2020-03-26,Q79,Egypt,41.0,6.0,102334403,27.0,29.0,3.0,2.0,2.0,1.0,2.0,2.0,2.0,4.0,2.0,84.26
EG,2020-03-27,Q79,Egypt,40.0,6.0,102334403,27.0,29.0,3.0,2.0,2.0,1.0,2.0,2.0,2.0,4.0,2.0,84.26
EG,2020-03-28,Q79,Egypt,33.0,4.0,102334403,27.0,29.0,3.0,2.0,2.0,1.0,2.0,2.0,2.0,4.0,2.0,84.26
EG,2020-03-29,Q79,Egypt,47.0,1.0,102334403,27.0,29.0,3.0,2.0,2.0,1.0,2.0,2.0,2.0,4.0,2.0,84.26
EG,2020-03-30,Q79,Egypt,54.0,5.0,102334403,27.0,29.0,3.0,2.0,2.0,1.0,2.0,2.0,2.0,4.0,2.0,84.26
EG,2020-03-31,Q79,Egypt,69.0,6.0,102334403,27.0,29.0,3.0,2.0,2.0,1.0,2.0,2.0,2.0,4.0,2.0,84.26
EG,2020-04-01,Q79,Egypt,86.0,6.0,102334403,27.0,29.0,3.0,2.0,2.0,1.0,2.0,2.0,2.0,4.0,2.0,84.26
EG,2020-04-02,Q79,Egypt,120.0,8.0,102334403,27.0,29.0,3.0,2.0,2.0,1.0,2.0,2.0,2.0,4.0,2.0,84.26
EG,2020-04-03,Q79,Egypt,85.0,5.0,102334403,27.0,29.0,3.0,2.0,2.0,1.0,2.0,2.0,2.0,4.0,2.0,84.26
EG,2020-04-04,Q79,Egypt,103.0,7.0,102334403,27.0,29.0,3.0,2.0,2.0,1.0,2.0,2.0,2.0,4.0,2.0,84.26
EG,2020-04-05,Q79,Egypt,149.0,7.0,102334403,27.0,29.0,3.0,2.0,2.0,1.0,2.0,2.0,2.0,4.0,2.0,84.26
EG,2020-04-06,Q79,Egypt,128.0,9.0,102334403,27.0,29.0,3.0,2.0,2.0,1.0,2.0,2.0,2.0,4.0,2.0,84.26
EG,2020-04-07,Q79,Egypt,110.0,9.0,102334403,27.0,29.0,3.0,2.0,2.0,1.0,2.0,2.0,2.0,4.0,2.0,84.26
EG,2020-04-08,Q79,Egypt,139.0,15.0,102334403,27.0,29.0,3.0,2.0,2.0,1.0,2.0,2.0,2.0,4.0,2.0,84.26
EG,2020-04-09,Q79,Egypt,95.0,17.0,102334403,27.0,29.0,3.0,2.0,2.0,1.0,2.0,2.0,2.0,4.0,2.0,84.26
EG,2020-04-10,Q79,Egypt,145.0,11.0,102334403,27.0,29.0,3.0,2.0,2.0,1.0,2.0,2.0,2.0,4.0,2.0,84.26
EG,2020-04-11,Q79,Egypt,126.0,13.0,102334403,27.0,29.0,3.0,2.0,2.0,1.0,2.0,2.0,2.0,4.0,2.0,84.26
EG,2020-04-12,Q79,Egypt,125.0,5.0,102334403,27.0,29.0,3.0,2.0,2.0,1.0,2.0,2.0,2.0,4.0,2.0,84.26
EG,2020-04-13,Q79,Egypt,160.0,14.0,102334403,27.0,29.0,3.0,2.0,2.0,1.0,2.0,2.0,2.0,4.0,2.0,84.26
EG,2020-04-14,Q79,Egypt,155.0,5.0,102334403,27.0,29.0,3.0,2.0,2.0,1.0,2.0,2.0,2.0,4.0,2.0,84.26
EG,2020-04-15,Q79,Egypt,168.0,13.0,102334403,27.0,29.0,3.0,2.0,2.0,1.0,2.0,2.0,2.0,4.0,2.0,84.26
EG,2020-04-16,Q79,Egypt,171.0,9.0,102334403,27.0,29.0,3.0,2.0,2.0,1.0,2.0,2.0,2.0,4.0,2.0,84.26
EG,2020-04-17,Q79,Egypt,188.0,19.0,102334403,27.0,29.0,3.0,2.0,2.0,1.0,2.0,2.0,2.0,4.0,2.0,84.26
EG,2020-04-18,Q79,Egypt,112.0,15.0,102334403,27.0,29.0,3.0,2.0,2.0,1.0,2.0,2.0,2.0,4.0,2.0,84.26
EG,2020-04-19,Q79,Egypt,189.0,11.0,102334403,27.0,29.0,3.0,2.0,2.0,1.0,2.0,2.0,2.0,4.0,2.0,84.26
EG,2020-04-20,Q79,Egypt,157.0,14.0,102334403,27.0,29.0,3.0,2.0,2.0,1.0,2.0,2.0,2.0,4.0,2.0,84.26
EG,2020-04-21,Q79,Egypt,169.0,12.0,102334403,27.0,29.0,3.0,2.0,2.0,1.0,2.0,2.0,2.0,4.0,2.0,84.26
EG,2020-04-22,Q79,Egypt,232.0,11.0,102334403,27.0,29.0,3.0,2.0,2.0,1.0,2.0,2.0,2.0,4.0,2.0,84.26
EG,2020-04-23,Q79,Egypt,201.0,7.0,102334403,27.0,29.0,3.0,2.0,2.0,1.0,2.0,2.0,2.0,4.0,2.0,84.26
EG,2020-04-24,Q79,Egypt,227.0,13.0,102334403,27.0,29.0,3.0,2.0,2.0,1.0,2.0,2.0,2.0,4.0,2.0,84.26
EG,2020-04-25,Q79,Egypt,215.0,10.0,102334403,27.0,29.0,3.0,2.0,2.0,1.0,2.0,2.0,2.0,4.0,2.0,84.26
EG,2020-04-26,Q79,Egypt,248.0,20.0,102334403,27.0,29.0,3.0,2.0,2.0,1.0,2.0,2.0,2.0,4.0,2.0,84.26
EG,2020-04-27,Q79,Egypt,260.0,22.0,102334403,27.0,29.0,3.0,2.0,2.0,1.0,2.0,2.0,2.0,4.0,2.0,84.26
EG,2020-04-28,Q79,Egypt,226.0,21.0,102334403,27.0,29.0,3.0,2.0,2.0,1.0,2.0,2.0,2.0,4.0,2.0,84.26
EG,2020-04-29,Q79,Egypt,269.0,12.0,102334403,27.0,29.0,3.0,2.0,2.0,1.0,2.0,2.0,2.0,4.0,2.0,84.26
EG,2020-04-30,Q79,Egypt,358.0,14.0,102334403,27.0,29.0,3.0,2.0,2.0,1.0,2.0,2.0,2.0,4.0,2.0,84.26
EG,2020-05-01,Q79,Egypt,298.0,9.0,102334403,27.0,29.0,3.0,2.0,2.0,1.0,2.0,2.0,2.0,4.0,2.0,84.26
EG,2020-05-02,Q79,Egypt,272.0,14.0,102334403,27.0,29.0,3.0,2.0,2.0,1.0,2.0,2.0,2.0,4.0,2.0,84.26
EG,2020-05-03,Q79,Egypt,348.0,7.0,102334403,27.0,29.0,3.0,2.0,2.0,1.0,2.0,2.0,2.0,4.0,2.0,84.26
EG,2020-05-04,Q79,Egypt,388.0,16.0,102334403,27.0,29.0,3.0,2.0,2.0,1.0,2.0,2.0,2.0,4.0,2.0,84.26
EG,2020-05-05,Q79,Egypt,387.0,17.0,102334403,27.0,29.0,3.0,2.0,2.0,1.0,2.0,2.0,2.0,4.0,2.0,84.26
EG,2020-05-06,Q79,Egypt,393.0,13.0,102334403,27.0,29.0,3.0,2.0,2.0,1.0,2.0,2.0,2.0,4.0,2.0,84.26
EG,2020-05-07,Q79,Egypt,495.0,21.0,102334403,27.0,29.0,3.0,2.0,2.0,1.0,2.0,2.0,2.0,4.0,2.0,84.26
EG,2020-05-08,Q79,Egypt,488.0,11.0,102334403,27.0,29.0,3.0,2.0,2.0,1.0,2.0,2.0,2.0,4.0,2.0,84.26
EG,2020-05-09,Q79,Egypt,436.0,11.0,102334403,27.0,29.0,3.0,2.0,2.0,1.0,2.0,2.0,2.0,4.0,2.0,84.26
EG,2020-05-10,Q79,Egypt,346.0,8.0,102334403,27.0,29.0,3.0,2.0,2.0,1.0,2.0,2.0,2.0,4.0,2.0,84.26
EG,2020-05-11,Q79,Egypt,347.0,11.0,102334403,27.0,29.0,3.0,2.0,2.0,1.0,2.0,2.0,2.0,4.0,2.0,84.26
EG,2020-05-12,Q79,Egypt,338.0,12.0,102334403,27.0,29.0,3.0,2.0,2.0,1.0,2.0,2.0,2.0,4.0,2.0,84.26
EG,2020-05-13,Q79,Egypt,398.0,15.0,102334403,27.0,29.0,3.0,2.0,2.0,1.0,2.0,2.0,2.0,4.0,2.0,84.26
EG,2020-05-14,Q79,Egypt,399.0,21.0,102334403,27.0,29.0,3.0,2.0,2.0,1.0,2.0,2.0,2.0,4.0,2.0,84.26
EG,2020-05-15,Q79,Egypt,491.0,20.0,102334403,27.0,29.0,3.0,2.0,2.0,1.0,2.0,2.0,2.0,4.0,2.0,84.26
EG,2020-05-16,Q79,Egypt,510.0,18.0,102334403,27.0,29.0,3.0,2.0,2.0,1.0,2.0,2.0,2.0,4.0,2.0,84.26
EG,2020-05-17,Q79,Egypt,535.0,15.0,102334403,27.0,29.0,3.0,2.0,2.0,1.0,2.0,2.0,2.0,4.0,2.0,84.26
EG,2020-05-18,Q79,Egypt,720.0,14.0,102334403,27.0,29.0,3.0,2.0,2.0,1.0,2.0,2.0,2.0,4.0,2.0,84.26
EG,2020-05-19,Q79,Egypt,745.0,21.0,102334403,27.0,29.0,3.0,2.0,2.0,1.0,2.0,2.0,2.0,4.0,2.0,84.26
EG,2020-05-20,Q79,Egypt,774.0,16.0,102334403,27.0,29.0,3.0,2.0,2.0,1.0,2.0,2.0,2.0,4.0,2.0,84.26
EG,2020-05-21,Q79,Egypt,783.0,11.0,102334403,27.0,29.0,3.0,2.0,2.0,1.0,2.0,2.0,2.0,4.0,2.0,84.26
EG,2020-05-22,Q79,Egypt,727.0,28.0,102334403,27.0,29.0,3.0,2.0,2.0,1.0,2.0,2.0,2.0,4.0,2.0,84.26
EG,2020-05-23,Q79,Egypt,752.0,29.0,102334403,27.0,29.0,3.0,2.0,2.0,1.0,2.0,2.0,2.0,4.0,2.0,84.26
EG,2020-05-24,Q79,Egypt,702.0,19.0,102334403,27.0,29.0,3.0,3.0,2.0,1.0,2.0,2.0,2.0,4.0,2.0,87.96
EG,2020-05-25,Q79,Egypt,789.0,14.0,102334403,27.0,29.0,3.0,3.0,2.0,1.0,2.0,2.0,2.0,4.0,2.0,87.96
EG,2020-05-26,Q79,Egypt,910.0,19.0,102334403,27.0,29.0,3.0,3.0,2.0,1.0,2.0,2.0,2.0,4.0,2.0,87.96
EG,2020-05-27,Q79,Egypt,1127.0,29.0,102334403,27.0,29.0,3.0,3.0,2.0,1.0,2.0,2.0,2.0,4.0,2.0,87.96
EG,2020-05-28,Q79,Egypt,1289.0,34.0,102334403,27.0,29.0,3.0,3.0,2.0,1.0,2.0,2.0,2.0,4.0,2.0,87.96
EG,2020-05-29,Q79,Egypt,1367.0,34.0,102334403,27.0,29.0,3.0,2.0,2.0,1.0,2.0,2.0,2.0,4.0,2.0,84.26
EG,2020-05-30,Q79,Egypt,1536.0,46.0,102334403,27.0,29.0,3.0,2.0,2.0,1.0,2.0,2.0,2.0,4.0,2.0,84.26
EG,2020-05-31,Q79,Egypt,1399.0,46.0,102334403,27.0,29.0,3.0,2.0,2.0,1.0,2.0,2.0,2.0,4.0,2.0,84.26
EG,2020-06-01,Q79,Egypt,1152.0,47.0,102334403,27.0,29.0,3.0,2.0,2.0,1.0,2.0,2.0,2.0,4.0,2.0,84.26
EG,2020-06-02,Q79,Egypt,1079.0,36.0,102334403,27.0,29.0,3.0,2.0,2.0,1.0,2.0,2.0,2.0,4.0,2.0,84.26
EG,2020-06-03,Q79,Egypt,1152.0,38.0,102334403,27.0,29.0,3.0,2.0,2.0,1.0,2.0,2.0,2.0,4.0,2.0,84.26
EG,2020-06-04,Q79,Egypt,1348.0,40.0,102334403,27.0,29.0,3.0,2.0,2.0,1.0,2.0,2.0,2.0,4.0,2.0,84.26
EG,2020-06-05,Q79,Egypt,1497.0,32.0,102334403,27.0,29.0,3.0,2.0,2.0,1.0,2.0,2.0,2.0,4.0,2.0,84.26
EG,2020-06-06,Q79,Egypt,1467.0,39.0,102334403,27.0,29.0,3.0,2.0,2.0,1.0,2.0,2.0,2.0,4.0,2.0,84.26
EG,2020-06-07,Q79,Egypt,1365.0,34.0,102334403,27.0,29.0,2.0,2.0,2.0,1.0,1.0,1.0,2.0,4.0,2.0,71.3
EG,2020-06-08,Q79,Egypt,1385.0,35.0,102334403,27.0,29.0,2.0,2.0,2.0,1.0,1.0,1.0,2.0,4.0,2.0,71.3
EG,2020-06-09,Q79,Egypt,1455.0,36.0,102334403,27.0,29.0,2.0,2.0,2.0,1.0,1.0,1.0,2.0,4.0,2.0,71.3
EG,2020-06-10,Q79,Egypt,1442.0,35.0,102334403,27.0,29.0,2.0,2.0,2.0,1.0,1.0,1.0,2.0,4.0,2.0,71.3
EG,2020-06-11,Q79,Egypt,1577.0,45.0,102334403,27.0,29.0,2.0,2.0,2.0,1.0,1.0,1.0,2.0,4.0,2.0,71.3
EG,2020-06-12,Q79,Egypt,1677.0,62.0,102334403,27.0,29.0,2.0,2.0,2.0,1.0,1.0,1.0,2.0,4.0,2.0,71.3
EG,2020-06-13,Q79,Egypt,1618.0,91.0,102334403,27.0,29.0,2.0,2.0,2.0,1.0,1.0,1.0,2.0,4.0,2.0,71.3
EG,2020-06-14,Q79,Egypt,1691.0,97.0,102334403,27.0,29.0,2.0,2.0,2.0,1.0,1.0,1.0,2.0,4.0,2.0,71.3
EG,2020-06-15,Q79,Egypt,1567.0,94.0,102334403,27.0,29.0,2.0,2.0,2.0,1.0,1.0,1.0,2.0,4.0,2.0,71.3
EG,2020-06-16,Q79,Egypt,1363.0,84.0,102334403,27.0,29.0,2.0,2.0,2.0,1.0,1.0,1.0,2.0,4.0,2.0,71.3
EG,2020-06-17,Q79,Egypt,1218.0,88.0,102334403,27.0,29.0,2.0,2.0,2.0,1.0,1.0,1.0,2.0,4.0,2.0,71.3
EG,2020-06-18,Q79,Egypt,1774.0,79.0,102334403,27.0,29.0,2.0,2.0,2.0,1.0,1.0,1.0,2.0,4.0,2.0,71.3
EG,2020-06-19,Q79,Egypt,1547.0,89.0,102334403,27.0,29.0,2.0,2.0,2.0,1.0,1.0,1.0,2.0,4.0,2.0,71.3
EG,2020-06-20,Q79,Egypt,1475.0,87.0,102334403,27.0,29.0,2.0,2.0,2.0,1.0,1.0,1.0,2.0,4.0,2.0,71.3
EG,2020-06-21,Q79,Egypt,1576.0,85.0,102334403,27.0,29.0,2.0,2.0,2.0,1.0,1.0,1.0,2.0,4.0,2.0,71.3
EG,2020-06-22,Q79,Egypt,1332.0,87.0,102334403,27.0,29.0,2.0,2.0,2.0,1.0,1.0,1.0,2.0,4.0,2.0,71.3
EG,2020-06-23,Q79,Egypt,1420.0,85.0,102334403,27.0,29.0,2.0,2.0,2.0,1.0,1.0,1.0,2.0,4.0,2.0,71.3
EG,2020-06-24,Q79,Egypt,1569.0,83.0,102334403,27.0,29.0,2.0,2.0,2.0,1.0,1.0,1.0,2.0,4.0,2.0,71.3
EG,2020-06-25,Q79,Egypt,1625.0,87.0,102334403,27.0,29.0,2.0,2.0,2.0,1.0,1.0,1.0,2.0,4.0,2.0,71.3
EG,2020-06-26,Q79,Egypt,1168.0,88.0,102334403,27.0,29.0,2.0,2.0,2.0,1.0,1.0,1.0,2.0,4.0,2.0,71.3
EG,2020-06-27,Q79,Egypt,1265.0,81.0,102334403,27.0,29.0,2.0,2.0,2.0,1.0,1.0,1.0,2.0,4.0,2.0,71.3
EG,2020-06-28,Q79,Egypt,1566.0,83.0,102334403,27.0,29.0,2.0,2.0,2.0,1.0,1.0,1.0,2.0,4.0,2.0,71.3
EG,2020-06-29,Q79,Egypt,1557.0,81.0,102334403,27.0,29.0,2.0,2.0,2.0,1.0,1.0,1.0,2.0,4.0,2.0,71.3
EG,2020-06-30,Q79,Egypt,1503.0,81.0,102334403,27.0,29.0,2.0,2.0,2.0,1.0,1.0,1.0,2.0,4.0,2.0,71.3
EG,2020-07-01,Q79,Egypt,1485.0,86.0,102334403,27.0,29.0,2.0,2.0,2.0,1.0,1.0,1.0,2.0,0.0,2.0,60.19
EG,2020-07-02,Q79,Egypt,1412.0,81.0,102334403,27.0,29.0,2.0,2.0,2.0,1.0,1.0,1.0,2.0,0.0,2.0,60.19
EG,2020-07-03,Q79,Egypt,1324.0,79.0,102334403,27.0,29.0,2.0,2.0,2.0,1.0,1.0,1.0,2.0,0.0,2.0,60.19
EG,2020-07-04,Q79,Egypt,1218.0,63.0,102334403,27.0,29.0,2.0,2.0,2.0,1.0,1.0,1.0,2.0,0.0,2.0,60.19
EG,2020-07-05,Q79,Egypt,969.0,79.0,102334403,27.0,29.0,2.0,2.0,2.0,1.0,1.0,1.0,2.0,0.0,2.0,60.19
EG,2020-07-06,Q79,Egypt,1057.0,67.0,102334403,27.0,29.0,2.0,2.0,2.0,1.0,1.0,1.0,2.0,0.0,2.0,60.19
EG,2020-07-07,Q79,Egypt,1025.0,75.0,102334403,27.0,29.0,2.0,2.0,2.0,1.0,1.0,1.0,2.0,0.0,2.0,60.19
EG,2020-07-08,Q79,Egypt,950.0,53.0,102334403,27.0,29.0,2.0,2.0,2.0,1.0,1.0,1.0,2.0,0.0,2.0,60.19
EG,2020-07-09,Q79,Egypt,981.0,85.0,102334403,27.0,29.0,2.0,2.0,2.0,1.0,1.0,1.0,2.0,0.0,2.0,60.19
EG,2020-07-10,Q79,Egypt,923.0,67.0,102334403,27.0,29.0,2.0,2.0,2.0,1.0,1.0,1.0,2.0,0.0,2.0,60.19
EG,2020-07-11,Q79,Egypt,912.0,89.0,102334403,27.0,29.0,2.0,2.0,2.0,1.0,1.0,1.0,2.0,0.0,2.0,60.19
EG,2020-07-12,Q79,Egypt,931.0,77.0,102334403,27.0,29.0,2.0,2.0,2.0,1.0,1.0,1.0,2.0,0.0,2.0,60.19
EG,2020-07-13,Q79,Egypt,929.0,73.0,102334403,27.0,29.0,2.0,2.0,2.0,1.0,1.0,1.0,2.0,0.0,2.0,60.19
EG,2020-07-14,Q79,Egypt,913.0,59.0,102334403,27.0,29.0,2.0,2.0,2.0,1.0,1.0,1.0,2.0,0.0,2.0,60.19
EG,2020-07-15,Q79,Egypt,928.0,53.0,102334403,27.0,29.0,2.0,2.0,2.0,1.0,1.0,1.0,2.0,0.0,2.0,60.19
EG,2020-07-16,Q79,Egypt,703.0,68.0,102334403,27.0,29.0,2.0,2.0,2.0,1.0,1.0,1.0,2.0,0.0,2.0,60.19
EG,2020-07-17,Q79,Egypt,698.0,63.0,102334403,27.0,29.0,2.0,2.0,2.0,1.0,1.0,1.0,2.0,0.0,2.0,60.19
EG,2020-07-18,Q79,Egypt,603.0,51.0,102334403,27.0,29.0,2.0,2.0,2.0,1.0,1.0,1.0,2.0,0.0,2.0,60.19
EG,2020-07-19,Q79,Egypt,627.0,50.0,102334403,27.0,29.0,2.0,2.0,2.0,1.0,1.0,1.0,2.0,0.0,2.0,60.19
EG,2020-07-20,Q79,Egypt,676.0,47.0,102334403,27.0,29.0,2.0,2.0,2.0,1.0,1.0,1.0,2.0,0.0,2.0,60.19
EG,2020-07-21,Q79,Egypt,667.0,41.0,102334403,27.0,29.0,2.0,2.0,2.0,1.0,1.0,1.0,2.0,0.0,2.0,60.19
EG,2020-07-22,Q79,Egypt,668.0,40.0,102334403,27.0,29.0,2.0,2.0,2.0,1.0,1.0,1.0,2.0,0.0,2.0,60.19
EG,2020-07-23,Q79,Egypt,659.0,38.0,102334403,27.0,29.0,2.0,2.0,2.0,1.0,1.0,1.0,2.0,0.0,2.0,60.19
EG,2020-07-24,Q79,Egypt,511.0,40.0,102334403,27.0,29.0,2.0,2.0,2.0,1.0,1.0,1.0,2.0,0.0,2.0,60.19
EG,2020-07-25,Q79,Egypt,479.0,48.0,102334403,27.0,29.0,2.0,2.0,2.0,1.0,1.0,1.0,2.0,0.0,2.0,60.19
EG,2020-07-26,Q79,Egypt,420.0,46.0,102334403,27.0,29.0,2.0,2.0,2.0,1.0,1.0,1.0,2.0,0.0,2.0,60.19
EG,2020-07-27,Q79,Egypt,465.0,39.0,102334403,27.0,29.0,2.0,2.0,2.0,1.0,1.0,1.0,2.0,0.0,2.0,60.19
EG,2020-07-28,Q79,Egypt,409.0,37.0,102334403,27.0,29.0,2.0,2.0,2.0,1.0,1.0,1.0,2.0,0.0,2.0,60.19
EG,2020-07-29,Q79,Egypt,401.0,46.0,102334403,27.0,29.0,2.0,2.0,2.0,1.0,1.0,1.0,2.0,0.0,2.0,60.19
EG,2020-07-30,Q79,Egypt,321.0,31.0,102334403,27.0,29.0,2.0,2.0,2.0,1.0,1.0,1.0,2.0,0.0,2.0,60.19
EG,2020-07-31,Q79,Egypt,238.0,29.0,102334403,27.0,29.0,2.0,2.0,2.0,1.0,1.0,1.0,2.0,0.0,2.0,60.19
EG,2020-08-01,Q79,Egypt,167.0,31.0,102334403,27.0,29.0,2.0,2.0,2.0,1.0,1.0,1.0,2.0,0.0,2.0,60.19
EG,2020-08-02,Q79,Egypt,157.0,23.0,102334403,27.0,29.0,2.0,2.0,2.0,1.0,1.0,1.0,2.0,0.0,2.0,60.19
EG,2020-08-03,Q79,Egypt,112.0,24.0,102334403,27.0,29.0,2.0,2.0,2.0,1.0,1.0,1.0,2.0,1.0,2.0,62.96
EG,2020-08-04,Q79,Egypt,123.0,18.0,102334403,27.0,29.0,2.0,2.0,2.0,1.0,1.0,1.0,2.0,1.0,2.0,62.96
EG,2020-08-05,Q79,Egypt,131.0,21.0,102334403,27.0,29.0,2.0,2.0,2.0,1.0,1.0,1.0,2.0,1.0,2.0,62.96
EG,2020-08-06,Q79,Egypt,141.0,20.0,102334403,27.0,29.0,2.0,2.0,2.0,1.0,1.0,1.0,2.0,1.0,2.0,62.96
EG,2020-08-07,Q79,Egypt,167.0,21.0,102334403,27.0,29.0,2.0,2.0,2.0,1.0,1.0,1.0,2.0,1.0,2.0,62.96
EG,2020-08-08,Q79,Egypt,178.0,17.0,102334403,27.0,29.0,2.0,2.0,2.0,1.0,1.0,1.0,2.0,1.0,2.0,62.96
EG,2020-08-09,Q79,Egypt,174.0,26.0,102334403,27.0,29.0,2.0,2.0,2.0,1.0,1.0,1.0,2.0,1.0,2.0,62.96
EG,2020-08-10,Q79,Egypt,168.0,24.0,102334403,27.0,29.0,2.0,2.0,2.0,1.0,1.0,1.0,2.0,1.0,2.0,62.96
EG,2020-08-11,Q79,Egypt,129.0,26.0,102334403,27.0,29.0,2.0,2.0,2.0,1.0,1.0,1.0,2.0,1.0,2.0,62.96
EG,2020-08-12,Q79,Egypt,145.0,22.0,102334403,27.0,29.0,2.0,2.0,2.0,1.0,1.0,1.0,2.0,1.0,2.0,62.96
EG,2020-08-13,Q79,Egypt,112.0,17.0,102334403,27.0,29.0,2.0,2.0,2.0,1.0,1.0,1.0,2.0,1.0,2.0,62.96
EG,2020-08-14,Q79,Egypt,116.0,17.0,102334403,27.0,29.0,2.0,2.0,2.0,1.0,1.0,1.0,2.0,1.0,2.0,62.96
EG,2020-08-15,Q79,Egypt,139.0,19.0,102334403,27.0,29.0,2.0,2.0,2.0,1.0,1.0,1.0,2.0,1.0,2.0,62.96
EG,2020-08-16,Q79,Egypt,115.0,13.0,102334403,27.0,29.0,2.0,2.0,2.0,1.0,1.0,1.0,2.0,1.0,2.0,62.96
EG,2020-08-17,Q79,Egypt,163.0,11.0,102334403,27.0,29.0,2.0,2.0,2.0,1.0,1.0,1.0,2.0,1.0,2.0,62.96
EG,2020-08-18,Q79,Egypt,161.0,13.0,102334403,27.0,29.0,2.0,2.0,2.0,1.0,1.0,1.0,2.0,1.0,2.0,62.96
EG,2020-08-19,Q79,Egypt,111.0,15.0,102334403,27.0,29.0,2.0,2.0,2.0,1.0,1.0,1.0,2.0,1.0,2.0,62.96
EG,2020-08-20,Q79,Egypt,123.0,19.0,102334403,27.0,29.0,2.0,2.0,2.0,1.0,1.0,1.0,2.0,1.0,2.0,62.96
EG,2020-08-21,Q79,Egypt,89.0,12.0,102334403,27.0,29.0,2.0,2.0,2.0,1.0,1.0,1.0,2.0,1.0,2.0,62.96
EG,2020-08-22,Q79,Egypt,103.0,19.0,102334403,27.0,29.0,2.0,2.0,2.0,1.0,1.0,1.0,2.0,1.0,2.0,62.96
EG,2020-08-23,Q79,Egypt,138.0,18.0,102334403,27.0,29.0,2.0,2.0,2.0,1.0,1.0,1.0,2.0,1.0,2.0,62.96
EG,2020-08-24,Q79,Egypt,141.0,18.0,102334403,27.0,29.0,2.0,2.0,2.0,1.0,1.0,1.0,2.0,1.0,2.0,62.96
EG,2020-08-25,Q79,Egypt,206.0,19.0,102334403,27.0,29.0,2.0,2.0,2.0,1.0,1.0,1.0,2.0,1.0,2.0,62.96
EG,2020-08-26,Q79,Egypt,237.0,25.0,102334403,27.0,29.0,2.0,2.0,2.0,1.0,1.0,1.0,2.0,1.0,2.0,62.96
EG,2020-08-27,Q79,Egypt,223.0,20.0,102334403,27.0,29.0,2.0,2.0,2.0,1.0,1.0,1.0,2.0,1.0,2.0,62.96
EG,2020-08-28,Q79,Egypt,212.0,14.0,102334403,27.0,29.0,2.0,2.0,2.0,1.0,1.0,1.0,2.0,1.0,2.0,62.96
EG,2020-08-29,Q79,Egypt,230.0,23.0,102334403,27.0,29.0,2.0,2.0,2.0,1.0,1.0,1.0,2.0,1.0,2.0,62.96
EG,2020-08-30,Q79,Egypt,212.0,22.0,102334403,27.0,29.0,2.0,2.0,2.0,1.0,1.0,1.0,2.0,1.0,2.0,62.96
EG,2020-08-31,Q79,Egypt,176.0,19.0,102334403,27.0,29.0,2.0,2.0,2.0,1.0,1.0,1.0,2.0,1.0,2.0,62.96
EG,2020-09-01,Q79,Egypt,165.0,21.0,102334403,27.0,29.0,2.0,2.0,2.0,1.0,1.0,1.0,2.0,1.0,2.0,62.96
EG,2020-09-02,Q79,Egypt,145.0,18.0,102334403,27.0,29.0,2.0,2.0,2.0,1.0,1.0,1.0,2.0,1.0,2.0,62.96
EG,2020-09-03,Q79,Egypt,157.0,16.0,102334403,27.0,29.0,2.0,2.0,2.0,1.0,1.0,1.0,2.0,1.0,2.0,62.96
EG,2020-09-04,Q79,Egypt,130.0,16.0,102334403,27.0,29.0,2.0,2.0,2.0,1.0,1.0,1.0,2.0,1.0,2.0,62.96
EG,2020-09-05,Q79,Egypt,151.0,19.0,102334403,27.0,29.0,2.0,2.0,2.0,1.0,1.0,1.0,2.0,1.0,2.0,62.96
EG,2020-09-06,Q79,Egypt,178.0,11.0,102334403,27.0,29.0,2.0,2.0,2.0,1.0,1.0,1.0,2.0,1.0,2.0,62.96
EG,2020-09-07,Q79,Egypt,187.0,19.0,102334403,27.0,29.0,2.0,2.0,2.0,1.0,1.0,1.0,2.0,1.0,2.0,62.96
EG,2020-09-08,Q79,Egypt,175.0,17.0,102334403,27.0,29.0,2.0,2.0,2.0,1.0,1.0,1.0,2.0,1.0,2.0,62.96
EG,2020-09-09,Q79,Egypt,154.0,13.0,102334403,27.0,29.0,2.0,2.0,2.0,1.0,1.0,1.0,2.0,1.0,2.0,62.96
EG,2020-09-10,Q79,Egypt,151.0,17.0,102334403,27.0,29.0,2.0,2.0,2.0,1.0,1.0,1.0,2.0,1.0,2.0,62.96
EG,2020-09-11,Q79,Egypt,148.0,20.0,102334403,27.0,29.0,2.0,2.0,2.0,1.0,1.0,1.0,2.0,1.0,2.0,62.96
EG,2020-09-12,Q79,Egypt,153.0,21.0,102334403,27.0,29.0,2.0,2.0,2.0,1.0,1.0,1.0,2.0,1.0,2.0,62.96
EG,2020-09-13,Q79,Egypt,168.0,13.0,102334403,27.0,29.0,2.0,2.0,2.0,1.0,1.0,1.0,2.0,1.0,2.0,62.96
EG,2020-09-14,Q79,Egypt,163.0,18.0,102334403,27.0,29.0,2.0,2.0,2.0,1.0,1.0,1.0,2.0,1.0,2.0,62.96
EG,2020-09-15,Q79,Egypt,160.0,17.0,102334403,27.0,29.0,2.0,2.0,2.0,1.0,1.0,1.0,2.0,1.0,2.0,62.96
EG,2020-09-16,Q79,Egypt,141.0,19.0,102334403,27.0,29.0,2.0,2.0,2.0,1.0,1.0,1.0,2.0,1.0,2.0,62.96
EG,2020-09-17,Q79,Egypt,131.0,18.0,102334403,27.0,29.0,2.0,2.0,2.0,1.0,1.0,1.0,2.0,1.0,2.0,62.96
EG,2020-09-18,Q79,Egypt,128.0,17.0,102334403,27.0,29.0,2.0,2.0,2.0,1.0,1.0,1.0,2.0,1.0,2.0,62.96
EG,2020-09-19,Q79,Egypt,115.0,20.0,102334403,27.0,29.0,2.0,2.0,2.0,1.0,1.0,1.0,2.0,1.0,2.0,62.96
EG,2020-09-20,Q79,Egypt,126.0,17.0,102334403,27.0,29.0,2.0,2.0,2.0,1.0,1.0,1.0,2.0,1.0,2.0,62.96
EG,2020-09-21,Q79,Egypt,113.0,19.0,102334403,27.0,29.0,2.0,2.0,2.0,2.0,1.0,1.0,2.0,1.0,2.0,65.74
EG,2020-09-22,Q79,Egypt,121.0,16.0,102334403,27.0,29.0,2.0,2.0,2.0,2.0,1.0,1.0,2.0,1.0,2.0,65.74
EG,2020-09-23,Q79,Egypt,138.0,13.0,102334403,27.0,29.0,2.0,2.0,2.0,2.0,1.0,1.0,2.0,1.0,2.0,65.74
EG,2020-09-24,Q79,Egypt,112.0,18.0,102334403,27.0,29.0,2.0,2.0,2.0,2.0,1.0,1.0,2.0,1.0,2.0,65.74
EG,2020-09-25,Q79,Egypt,111.0,16.0,102334403,27.0,29.0,2.0,2.0,2.0,2.0,1.0,1.0,2.0,1.0,2.0,65.74
EG,2020-09-26,Q79,Egypt,104.0,14.0,102334403,27.0,29.0,2.0,2.0,2.0,2.0,1.0,1.0,2.0,1.0,2.0,65.74
EG,2020-09-27,Q79,Egypt,115.0,18.0,102334403,27.0,29.0,2.0,2.0,2.0,2.0,1.0,1.0,2.0,1.0,2.0,65.74
EG,2020-09-28,Q79,Egypt,124.0,13.0,102334403,27.0,29.0,2.0,2.0,2.0,2.0,1.0,1.0,2.0,1.0,2.0,65.74
EG,2020-09-29,Q79,Egypt,119.0,16.0,102334403,27.0,29.0,2.0,2.0,2.0,2.0,1.0,1.0,2.0,1.0,2.0,65.74
EG,2020-09-30,Q79,Egypt,119.0,16.0,102334403,27.0,29.0,2.0,2.0,2.0,2.0,1.0,1.0,2.0,1.0,2.0,65.74
EG,2020-10-01,Q79,Egypt,149.0,10.0,102334403,27.0,29.0,2.0,2.0,2.0,2.0,1.0,1.0,2.0,1.0,2.0,65.74
EG,2020-10-02,Q79,Egypt,109.0,14.0,102334403,27.0,29.0,2.0,2.0,2.0,2.0,1.0,1.0,2.0,1.0,2.0,65.74
EG,2020-10-03,Q79,Egypt,108.0,11.0,102334403,27.0,29.0,2.0,2.0,2.0,2.0,1.0,1.0,2.0,1.0,2.0,65.74
EG,2020-10-04,Q79,Egypt,98.0,9.0,102334403,27.0,29.0,2.0,2.0,2.0,2.0,1.0,1.0,2.0,1.0,2.0,65.74
EG,2020-10-05,Q79,Egypt,121.0,11.0,102334403,27.0,29.0,2.0,2.0,2.0,2.0,1.0,1.0,2.0,1.0,2.0,65.74
EG,2020-10-06,Q79,Egypt,133.0,9.0,102334403,27.0,29.0,2.0,2.0,2.0,2.0,1.0,1.0,2.0,1.0,2.0,65.74
EG,2020-10-07,Q79,Egypt,121.0,7.0,102334403,27.0,29.0,2.0,2.0,2.0,2.0,1.0,1.0,2.0,1.0,2.0,65.74
EG,2020-10-08,Q79,Egypt,106.0,12.0,102334403,27.0,29.0,2.0,2.0,2.0,2.0,1.0,1.0,2.0,1.0,2.0,65.74
EG,2020-10-09,Q79,Egypt,125.0,11.0,102334403,27.0,29.0,2.0,2.0,2.0,2.0,1.0,1.0,2.0,1.0,2.0,65.74
EG,2020-10-10,Q79,Egypt,129.0,12.0,102334403,27.0,29.0,2.0,2.0,2.0,2.0,1.0,1.0,2.0,1.0,2.0,65.74
EG,2020-10-11,Q79,Egypt,132.0,10.0,102334403,27.0,29.0,2.0,2.0,2.0,2.0,1.0,1.0,2.0,1.0,2.0,65.74
EG,2020-10-12,Q79,Egypt,139.0,9.0,102334403,27.0,29.0,2.0,2.0,2.0,2.0,1.0,1.0,2.0,1.0,2.0,65.74
EG,2020-10-13,Q79,Egypt,128.0,6.0,102334403,27.0,29.0,2.0,2.0,2.0,2.0,1.0,1.0,2.0,1.0,2.0,65.74
EG,2020-10-14,Q79,Egypt,118.0,11.0,102334403,27.0,29.0,2.0,2.0,2.0,2.0,1.0,1.0,2.0,1.0,2.0,65.74
EG,2020-10-15,Q79,Egypt,126.0,11.0,102334403,27.0,29.0,2.0,2.0,2.0,2.0,1.0,1.0,2.0,1.0,2.0,65.74
EG,2020-10-16,Q79,Egypt,138.0,10.0,102334403,27.0,29.0,2.0,2.0,2.0,2.0,0.0,1.0,2.0,1.0,2.0,60.19
EG,2020-10-17,Q79,Egypt,127.0,11.0,102334403,27.0,29.0,2.0,2.0,2.0,2.0,0.0,1.0,2.0,1.0,2.0,60.19
EG,2020-10-18,Q79,Egypt,123.0,10.0,102334403,27.0,29.0,2.0,2.0,2.0,2.0,0.0,1.0,2.0,1.0,2.0,60.19
EG,2020-10-19,Q79,Egypt,158.0,12.0,102334403,27.0,29.0,2.0,2.0,2.0,2.0,0.0,1.0,2.0,1.0,2.0,60.19
EG,2020-10-20,Q79,Egypt,178.0,13.0,102334403,27.0,29.0,2.0,2.0,2.0,2.0,0.0,1.0,2.0,1.0,2.0,60.19
EG,2020-10-21,Q79,Egypt,177.0,11.0,102334403,27.0,29.0,2.0,2.0,2.0,2.0,0.0,1.0,2.0,1.0,2.0,60.19
EG,2020-10-22,Q79,Egypt,170.0,10.0,102334403,27.0,29.0,2.0,2.0,2.0,2.0,0.0,1.0,2.0,1.0,2.0,60.19
EG,2020-10-23,Q79,Egypt,167.0,11.0,102334403,27.0,29.0,2.0,2.0,2.0,2.0,0.0,1.0,2.0,1.0,2.0,60.19
EG,2020-10-24,Q79,Egypt,143.0,12.0,102334403,27.0,29.0,2.0,2.0,2.0,2.0,0.0,1.0,2.0,1.0,2.0,60.19
EG,2020-10-25,Q79,Egypt,167.0,12.0,102334403,27.0,29.0,2.0,2.0,2.0,2.0,0.0,1.0,2.0,1.0,2.0,60.19
EG,2020-10-26,Q79,Egypt,170.0,11.0,102334403,27.0,29.0,2.0,2.0,2.0,2.0,0.0,1.0,2.0,1.0,2.0,60.19
EG,2020-10-27,Q79,Egypt,153.0,12.0,102334403,27.0,29.0,2.0,2.0,2.0,2.0,0.0,1.0,2.0,1.0,2.0,60.19
EG,2020-10-28,Q79,Egypt,179.0,13.0,102334403,27.0,29.0,2.0,2.0,2.0,2.0,0.0,1.0,2.0,1.0,2.0,60.19
EG,2020-10-29,Q79,Egypt,176.0,11.0,102334403,27.0,29.0,2.0,2.0,2.0,2.0,0.0,1.0,2.0,1.0,2.0,60.19
EG,2020-10-30,Q79,Egypt,170.0,8.0,102334403,27.0,29.0,2.0,2.0,2.0,2.0,0.0,1.0,2.0,1.0,2.0,60.19
EG,2020-10-31,Q79,Egypt,181.0,12.0,102334403,27.0,29.0,2.0,2.0,2.0,2.0,0.0,1.0,2.0,1.0,2.0,60.19
EG,2020-11-01,Q79,Egypt,189.0,13.0,102334403,27.0,29.0,2.0,2.0,2.0,2.0,0.0,1.0,2.0,1.0,2.0,60.19
EG,2020-11-02,Q79,Egypt,197.0,14.0,102334403,27.0,29.0,2.0,2.0,2.0,2.0,0.0,1.0,2.0,1.0,2.0,60.19
EG,2020-11-03,Q79,Egypt,207.0,13.0,102334403,27.0,29.0,2.0,2.0,2.0,2.0,0.0,1.0,2.0,1.0,2.0,60.19
EG,2020-11-04,Q79,Egypt,201.0,11.0,102334403,27.0,29.0,2.0,2.0,2.0,2.0,0.0,1.0,2.0,1.0,2.0,60.19
EG,2020-11-05,Q79,Egypt,224.0,14.0,102334403,27.0,29.0,2.0,2.0,2.0,2.0,0.0,1.0,2.0,1.0,2.0,60.19
EG,2020-11-06,Q79,Egypt,208.0,12.0,102334403,27.0,29.0,2.0,2.0,2.0,2.0,0.0,1.0,2.0,1.0,2.0,60.19
EG,2020-11-07,Q79,Egypt,239.0,13.0,102334403,27.0,29.0,2.0,2.0,2.0,2.0,0.0,1.0,2.0,1.0,2.0,60.19
EG,2020-11-08,Q79,Egypt,221.0,12.0,102334403,27.0,29.0,2.0,2.0,2.0,2.0,0.0,1.0,2.0,1.0,2.0,60.19
EG,2020-11-09,Q79,Egypt,232.0,14.0,102334403,27.0,29.0,2.0,2.0,2.0,2.0,0.0,1.0,2.0,1.0,2.0,60.19
EG,2020-11-10,Q79,Egypt,227.0,11.0,102334403,27.0,29.0,2.0,2.0,2.0,2.0,0.0,1.0,2.0,1.0,2.0,60.19
EG,2020-11-11,Q79,Egypt,214.0,12.0,102334403,27.0,29.0,2.0,2.0,2.0,2.0,0.0,1.0,2.0,1.0,2.0,60.19
EG,2020-11-12,Q79,Egypt,224.0,12.0,102334403,27.0,29.0,2.0,2.0,2.0,2.0,0.0,1.0,2.0,1.0,2.0,60.19
EG,2020-11-13,Q79,Egypt,228.0,13.0,102334403,27.0,29.0,2.0,2.0,2.0,2.0,0.0,1.0,2.0,1.0,2.0,60.19
EG,2020-11-14,Q79,Egypt,220.0,11.0,102334403,27.0,29.0,2.0,2.0,2.0,2.0,0.0,1.0,2.0,1.0,2.0,60.19
EG,2020-11-15,Q79,Egypt,242.0,12.0,102334403,27.0,29.0,2.0,2.0,2.0,2.0,0.0,1.0,2.0,1.0,2.0,60.19
EG,2020-11-16,Q79,Egypt,275.0,16.0,102334403,27.0,29.0,2.0,2.0,2.0,2.0,0.0,1.0,2.0,1.0,2.0,60.19
EG,2020-11-17,Q79,Egypt,329.0,14.0,102334403,27.0,29.0,2.0,2.0,2.0,2.0,0.0,1.0,2.0,1.0,2.0,60.19
EG,2020-11-18,Q79,Egypt,342.0,13.0,102334403,27.0,29.0,2.0,2.0,2.0,2.0,0.0,1.0,2.0,1.0,2.0,60.19
EG,2020-11-19,Q79,Egypt,363.0,13.0,102334403,27.0,29.0,2.0,2.0,2.0,2.0,0.0,1.0,2.0,1.0,2.0,60.19
EG,2020-11-20,Q79,Egypt,358.0,14.0,102334403,27.0,29.0,2.0,2.0,2.0,2.0,0.0,1.0,2.0,1.0,2.0,60.19
EG,2020-11-21,Q79,Egypt,351.0,13.0,102334403,27.0,29.0,2.0,2.0,2.0,2.0,0.0,1.0,2.0,1.0,2.0,60.19
EG,2020-11-22,Q79,Egypt,354.0,12.0,102334403,27.0,29.0,2.0,2.0,2.0,2.0,0.0,1.0,2.0,1.0,2.0,60.19
EG,2020-11-23,Q79,Egypt,361.0,13.0,102334403,27.0,29.0,2.0,2.0,2.0,2.0,0.0,1.0,2.0,1.0,2.0,60.19
EG,2020-11-24,Q79,Egypt,365.0,12.0,102334403,27.0,29.0,2.0,2.0,2.0,2.0,0.0,1.0,2.0,1.0,2.0,60.19
EG,2020-11-25,Q79,Egypt,368.0,11.0,102334403,27.0,29.0,2.0,2.0,2.0,2.0,0.0,1.0,2.0,1.0,2.0,60.19
EG,2020-11-26,Q79,Egypt,357.0,12.0,102334403,27.0,29.0,2.0,2.0,2.0,2.0,0.0,1.0,2.0,1.0,2.0,60.19
EG,2020-11-27,Q79,Egypt,351.0,13.0,102334403,27.0,29.0,2.0,2.0,2.0,2.0,0.0,1.0,2.0,1.0,2.0,60.19
EG,2020-11-28,Q79,Egypt,358.0,15.0,102334403,27.0,29.0,2.0,2.0,2.0,2.0,0.0,1.0,2.0,1.0,2.0,60.19
EG,2020-11-29,Q79,Egypt,370.0,14.0,102334403,27.0,29.0,2.0,2.0,2.0,2.0,0.0,1.0,2.0,1.0,2.0,60.19
EG,2020-11-30,Q79,Egypt,392.0,16.0,102334403,27.0,29.0,2.0,2.0,2.0,2.0,0.0,1.0,2.0,1.0,2.0,60.19
EG,2020-12-01,Q79,Egypt,421.0,28.0,102334403,27.0,29.0,2.0,2.0,2.0,2.0,0.0,1.0,2.0,1.0,2.0,60.19
EG,2020-12-02,Q79,Egypt,432.0,19.0,102334403,27.0,29.0,2.0,2.0,2.0,2.0,0.0,1.0,2.0,1.0,2.0,60.19
EG,2020-12-03,Q79,Egypt,427.0,19.0,102334403,27.0,29.0,2.0,2.0,2.0,2.0,0.0,1.0,2.0,1.0,2.0,60.19
EG,2020-12-04,Q79,Egypt,431.0,18.0,102334403,27.0,29.0,2.0,2.0,2.0,2.0,0.0,1.0,2.0,1.0,2.0,60.19
EG,2020-12-05,Q79,Egypt,418.0,21.0,102334403,27.0,29.0,2.0,2.0,2.0,2.0,0.0,1.0,2.0,1.0,2.0,60.19
EG,2020-12-06,Q79,Egypt,415.0,19.0,102334403,27.0,29.0,2.0,2.0,2.0,2.0,0.0,1.0,2.0,1.0,2.0,60.19
EG,2020-12-07,Q79,Egypt,434.0,23.0,102334403,27.0,29.0,2.0,2.0,2.0,2.0,0.0,1.0,2.0,1.0,2.0,60.19
EG,2020-12-08,Q79,Egypt,421.0,19.0,102334403,27.0,29.0,2.0,2.0,2.0,2.0,0.0,1.0,2.0,1.0,2.0,60.19
EG,2020-12-09,Q79,Egypt,445.0,22.0,102334403,27.0,29.0,2.0,2.0,2.0,2.0,0.0,1.0,2.0,1.0,2.0,60.19
EG,2020-12-10,Q79,Egypt,464.0,23.0,102334403,27.0,29.0,2.0,2.0,2.0,2.0,0.0,1.0,2.0,1.0,2.0,60.19
EG,2020-12-11,Q79,Egypt,478.0,21.0,102334403,27.0,29.0,2.0,2.0,2.0,2.0,0.0,1.0,2.0,1.0,2.0,60.19
EG,2020-12-12,Q79,Egypt,486.0,22.0,102334403,27.0,29.0,2.0,2.0,2.0,2.0,0.0,1.0,2.0,1.0,2.0,60.19
EG,2020-12-13,Q79,Egypt,511.0,23.0,102334403,27.0,29.0,2.0,2.0,2.0,2.0,0.0,1.0,2.0,1.0,2.0,60.19
EG,2020-12-14,Q79,Egypt,523.0,23.0,102334403,27.0,29.0,2.0,2.0,2.0,2.0,0.0,1.0,2.0,1.0,2.0,60.19
EG,2020-12-15,Q79,Egypt,544.0,24.0,102334403,27.0,29.0,2.0,2.0,2.0,2.0,0.0,1.0,2.0,1.0,2.0,60.19
EG,2020-12-16,Q79,Egypt,548.0,25.0,102334403,27.0,29.0,2.0,2.0,2.0,2.0,0.0,1.0,2.0,1.0,2.0,60.19
EG,2020-12-17,Q79,Egypt,579.0,26.0,102334403,27.0,29.0,2.0,2.0,2.0,2.0,0.0,1.0,2.0,1.0,2.0,60.19
EG,2020-12-18,Q79,Egypt,611.0,28.0,102334403,27.0,29.0,2.0,2.0,2.0,2.0,0.0,1.0,2.0,1.0,2.0,60.19
EG,2020-12-19,Q79,Egypt,664.0,29.0,102334403,27.0,29.0,2.0,2.0,2.0,2.0,0.0,1.0,2.0,1.0,2.0,60.19
EG,2020-12-20,Q79,Egypt,718.0,32.0,102334403,27.0,29.0,2.0,2.0,2.0,2.0,0.0,1.0,2.0,1.0,2.0,60.19
EG,2020-12-21,Q79,Egypt,788.0,37.0,102334403,27.0,29.0,2.0,2.0,2.0,2.0,0.0,1.0,2.0,1.0,2.0,60.19
EG,2020-12-22,Q79,Egypt,911.0,42.0,102334403,27.0,29.0,2.0,2.0,2.0,4.0,0.0,1.0,2.0,1.0,2.0,65.74
EG,2020-12-23,Q79,Egypt,1021.0,51.0,102334403,27.0,29.0,2.0,2.0,2.0,4.0,0.0,1.0,2.0,1.0,2.0,65.74
EG,2020-12-24,Q79,Egypt,1133.0,49.0,102334403,27.0,29.0,2.0,2.0,2.0,4.0,0.0,1.0,2.0,1.0,2.0,65.74
EG,2020-12-25,Q79,Egypt,1189.0,43.0,102334403,27.0,29.0,2.0,2.0,2.0,4.0,0.0,1.0,2.0,1.0,2.0,65.74
EG,2020-12-26,Q79,Egypt,1226.0,53.0,102334403,27.0,29.0,2.0,2.0,2.0,4.0,0.0,1.0,2.0,1.0,2.0,65.74
EG,2020-12-27,Q79,Egypt,1359.0,61.0,102334403,27.0,29.0,2.0,2.0,2.0,4.0,0.0,1.0,2.0,1.0,2.0,65.74
EG,2020-12-28,Q79,Egypt,1333.0,54.0,102334403,27.0,29.0,2.0,2.0,2.0,4.0,0.0,1.0,2.0,1.0,2.0,65.74
EG,2020-12-29,Q79,Egypt,1411.0,56.0,102334403,27.0,29.0,2.0,2.0,2.0,4.0,0.0,1.0,2.0,1.0,2.0,65.74
EG,2020-12-30,Q79,Egypt,1418.0,55.0,102334403,27.0,29.0,2.0,2.0,2.0,4.0,0.0,1.0,2.0,1.0,2.0,65.74
EG,2020-12-31,Q79,Egypt,1409.0,56.0,102334403,27.0,29.0,2.0,2.0,2.0,4.0,0.0,1.0,2.0,1.0,2.0,65.74
EG,2021-01-01,Q79,Egypt,1407.0,54.0,102334403,27.0,29.0,2.0,2.0,2.0,4.0,0.0,1.0,2.0,1.0,2.0,65.74
EG,2021-01-02,Q79,Egypt,1309.0,64.0,102334403,27.0,29.0,2.0,2.0,2.0,4.0,0.0,1.0,2.0,1.0,2.0,65.74
EG,2021-01-03,Q79,Egypt,1277.0,58.0,102334403,27.0,29.0,2.0,2.0,2.0,4.0,0.0,1.0,2.0,1.0,2.0,65.74
EG,2021-01-04,Q79,Egypt,1119.0,55.0,102334403,27.0,29.0,2.0,2.0,2.0,4.0,0.0,1.0,2.0,1.0,2.0,65.74
EG,2021-01-05,Q79,Egypt,1007.0,57.0,102334403,27.0,29.0,2.0,2.0,2.0,4.0,0.0,1.0,2.0,1.0,2.0,65.74
EG,2021-01-06,Q79,Egypt,1219.0,54.0,102334403,27.0,29.0,2.0,2.0,2.0,4.0,0.0,1.0,2.0,1.0,2.0,65.74
EG,2021-01-07,Q79,Egypt,1001.0,56.0,102334403,27.0,29.0,2.0,2.0,2.0,4.0,0.0,1.0,2.0,1.0,2.0,65.74
EG,2021-01-08,Q79,Egypt,989.0,57.0,102334403,27.0,29.0,2.0,2.0,2.0,4.0,0.0,1.0,2.0,1.0,2.0,65.74
EG,2021-01-09,Q79,Egypt,993.0,55.0,102334403,27.0,29.0,2.0,2.0,2.0,4.0,0.0,1.0,2.0,1.0,2.0,65.74
EG,2021-01-10,Q79,Egypt,961.0,52.0,102334403,27.0,29.0,2.0,2.0,2.0,4.0,0.0,1.0,2.0,1.0,2.0,65.74
EG,2021-01-11,Q79,Egypt,970.0,55.0,102334403,27.0,29.0,2.0,2.0,2.0,4.0,0.0,1.0,2.0,1.0,2.0,65.74
EG,2021-01-12,Q79,Egypt,996.0,58.0,102334403,27.0,29.0,2.0,2.0,2.0,4.0,0.0,1.0,2.0,1.0,2.0,65.74
EG,2021-01-13,Q79,Egypt,1022.0,59.0,102334403,27.0,29.0,2.0,2.0,2.0,4.0,0.0,1.0,2.0,1.0,2.0,65.74
EG,2021-01-14,Q79,Egypt,879.0,52.0,102334403,27.0,29.0,2.0,2.0,2.0,4.0,0.0,1.0,2.0,1.0,2.0,65.74
EG,2021-01-15,Q79,Egypt,887.0,54.0,102334403,27.0,29.0,2.0,2.0,2.0,4.0,0.0,1.0,2.0,1.0,2.0,65.74
EG,2021-01-16,Q79,Egypt,890.0,56.0,102334403,27.0,29.0,2.0,2.0,2.0,4.0,0.0,1.0,2.0,1.0,2.0,65.74
EG,2021-01-17,Q79,Egypt,878.0,55.0,102334403,27.0,29.0,2.0,2.0,2.0,4.0,0.0,1.0,2.0,1.0,2.0,65.74
EG,2021-01-18,Q79,Egypt,899.0,58.0,102334403,27.0,29.0,2.0,2.0,2.0,4.0,0.0,1.0,0.0,1.0,2.0,54.63
EG,2021-01-19,Q79,Egypt,789.0,51.0,102334403,27.0,29.0,2.0,2.0,2.0,4.0,0.0,1.0,0.0,1.0,2.0,54.63
EG,2021-01-20,Q79,Egypt,752.0,54.0,102334403,27.0,29.0,2.0,2.0,2.0,4.0,0.0,1.0,0.0,1.0,2.0,54.63
EG,2021-01-21,Q79,Egypt,748.0,52.0,102334403,27.0,29.0,2.0,2.0,2.0,4.0,0.0,1.0,0.0,1.0,2.0,54.63
EG,2021-01-22,Q79,Egypt,680.0,49.0,102334403,27.0,29.0,2.0,2.0,2.0,4.0,0.0,1.0,0.0,1.0,2.0,54.63
EG,2021-01-23,Q79,Egypt,674.0,57.0,102334403,27.0,29.0,2.0,2.0,2.0,4.0,0.0,1.0,0.0,1.0,2.0,54.63
EG,2021-01-24,Q79,Egypt,669.0,53.0,102334403,27.0,29.0,2.0,2.0,2.0,4.0,0.0,1.0,0.0,1.0,2.0,54.63
EG,2021-01-25,Q79,Egypt,643.0,55.0,102334403,27.0,29.0,2.0,2.0,2.0,4.0,0.0,1.0,0.0,1.0,2.0,54.63
EG,2021-01-26,Q79,Egypt,632.0,48.0,102334403,27.0,29.0,2.0,2.0,2.0,4.0,0.0,1.0,0.0,1.0,2.0,54.63
EG,2021-01-27,Q79,Egypt,521.0,54.0,102334403,27.0,29.0,2.0,2.0,2.0,4.0,0.0,1.0,0.0,1.0,2.0,54.63
EG,2021-01-28,Q79,Egypt,589.0,48.0,102334403,27.0,29.0,2.0,2.0,2.0,4.0,0.0,1.0,0.0,1.0,2.0,54.63
EG,2021-01-29,Q79,Egypt,547.0,46.0,102334403,27.0,29.0,2.0,2.0,2.0,4.0,0.0,1.0,0.0,1.0,2.0,54.63
EG,2021-01-30,Q79,Egypt,533.0,53.0,102334403,27.0,29.0,2.0,2.0,2.0,4.0,0.0,1.0,0.0,1.0,2.0,54.63
EG,2021-01-31,Q79,Egypt,541.0,44.0,102334403,27.0,29.0,2.0,2.0,2.0,4.0,0.0,1.0,0.0,1.0,2.0,54.63
EG,2021-02-01,Q79,Egypt,521.0,47.0,102334403,27.0,29.0,2.0,2.0,2.0,4.0,0.0,1.0,0.0,1.0,2.0,54.63
EG,2021-02-02,Q79,Egypt,512.0,53.0,102334403,27.0,29.0,2.0,2.0,2.0,4.0,0.0,1.0,0.0,1.0,2.0,54.63
EG,2021-02-03,Q79,Egypt,532.0,52.0,102334403,27.0,29.0,2.0,2.0,2.0,4.0,0.0,1.0,0.0,1.0,2.0,54.63
EG,2021-02-04,Q79,Egypt,540.0,48.0,102334403,27.0,29.0,2.0,2.0,2.0,4.0,0.0,1.0,0.0,1.0,2.0,54.63
EG,2021-02-05,Q79,Egypt,509.0,44.0,102334403,27.0,29.0,2.0,2.0,2.0,4.0,0.0,1.0,0.0,1.0,2.0,54.63
EG,2021-02-06,Q79,Egypt,534.0,47.0,102334403,27.0,29.0,2.0,2.0,2.0,4.0,0.0,1.0,0.0,1.0,2.0,54.63
EG,2021-02-07,Q79,Egypt,567.0,48.0,102334403,27.0,29.0,2.0,2.0,2.0,4.0,0.0,1.0,0.0,1.0,2.0,54.63
EG,2021-02-08,Q79,Egypt,573.0,52.0,102334403,27.0,29.0,2.0,2.0,2.0,4.0,0.0,1.0,0.0,1.0,2.0,54.63
EG,2021-02-09,Q79,Egypt,610.0,53.0,102334403,27.0,29.0,2.0,2.0,2.0,4.0,0.0,1.0,0.0,1.0,2.0,54.63
EG,2021-02-10,Q79,Egypt,603.0,53.0,102334403,27.0,29.0,2.0,2.0,2.0,4.0,0.0,1.0,0.0,1.0,2.0,54.63
EG,2021-02-11,Q79,Egypt,609.0,42.0,102334403,27.0,29.0,2.0,2.0,2.0,4.0,0.0,1.0,0.0,1.0,2.0,54.63
EG,2021-02-12,Q79,Egypt,600.0,36.0,102334403,27.0,29.0,2.0,2.0,2.0,4.0,0.0,1.0,0.0,1.0,2.0,54.63
EG,2021-02-13,Q79,Egypt,611.0,59.0,102334403,27.0,29.0,2.0,2.0,2.0,4.0,0.0,1.0,0.0,1.0,2.0,54.63
EG,2021-02-14,Q79,Egypt,613.0,56.0,102334403,27.0,29.0,2.0,2.0,2.0,4.0,0.0,1.0,0.0,1.0,2.0,54.63
EG,2021-02-15,Q79,Egypt,633.0,51.0,102334403,27.0,29.0,2.0,2.0,2.0,4.0,0.0,1.0,0.0,1.0,2.0,54.63
EG,2021-02-16,Q79,Egypt,618.0,49.0,102334403,27.0,29.0,2.0,2.0,2.0,4.0,0.0,1.0,0.0,1.0,2.0,54.63
EG,2021-02-17,Q79,Egypt,656.0,51.0,102334403,27.0,29.0,2.0,2.0,2.0,4.0,0.0,1.0,0.0,1.0,2.0,54.63
EG,2021-02-18,Q79,Egypt,610.0,49.0,102334403,27.0,29.0,2.0,2.0,2.0,4.0,0.0,1.0,0.0,1.0,2.0,54.63
EG,2021-02-19,Q79,Egypt,600.0,48.0,102334403,27.0,29.0,2.0,2.0,2.0,4.0,0.0,1.0,0.0,1.0,2.0,54.63
EG,2021-02-20,Q79,Egypt,608.0,55.0,102334403,27.0,29.0,2.0,2.0,2.0,4.0,0.0,1.0,0.0,1.0,2.0,54.63
EG,2021-02-21,Q79,Egypt,623.0,51.0,102334403,27.0,29.0,2.0,2.0,2.0,4.0,0.0,1.0,0.0,1.0,2.0,54.63
EG,2021-02-22,Q79,Egypt,633.0,39.0,102334403,27.0,29.0,2.0,2.0,2.0,4.0,0.0,1.0,0.0,1.0,2.0,54.63
EG,2021-02-23,Q79,Egypt,644.0,52.0,102334403,27.0,29.0,2.0,2.0,2.0,4.0,0.0,1.0,0.0,1.0,2.0,54.63
EG,2021-02-24,Q79,Egypt,589.0,46.0,102334403,27.0,29.0,2.0,2.0,2.0,4.0,0.0,1.0,0.0,1.0,2.0,54.63
EG,2021-02-25,Q79,Egypt,601.0,49.0,102334403,27.0,29.0,2.0,2.0,2.0,4.0,0.0,1.0,0.0,1.0,2.0,54.63
EG,2021-02-26,Q79,Egypt,588.0,49.0,102334403,27.0,29.0,2.0,2.0,2.0,4.0,0.0,1.0,0.0,1.0,2.0,54.63
EG,2021-02-27,Q79,Egypt,595.0,49.0,102334403,27.0,29.0,2.0,2.0,2.0,4.0,0.0,1.0,0.0,1.0,2.0,54.63
EG,2021-02-28,Q79,Egypt,586.0,48.0,102334403,27.0,29.0,2.0,2.0,2.0,4.0,0.0,1.0,0.0,1.0,2.0,54.63
EG,2021-03-01,Q79,Egypt,581.0,42.0,102334403,27.0,29.0,2.0,2.0,2.0,4.0,0.0,1.0,0.0,1.0,2.0,54.63
EG,2021-03-02,Q79,Egypt,577.0,44.0,102334403,27.0,29.0,2.0,2.0,2.0,4.0,0.0,1.0,0.0,1.0,2.0,54.63
EG,2021-03-03,Q79,Egypt,587.0,49.0,102334403,27.0,29.0,2.0,2.0,2.0,4.0,0.0,1.0,0.0,1.0,2.0,54.63
EG,2021-03-04,Q79,Egypt,579.0,45.0,102334403,27.0,29.0,2.0,2.0,2.0,4.0,0.0,1.0,0.0,1.0,2.0,54.63
EG,2021-03-05,Q79,Egypt,588.0,38.0,102334403,27.0,29.0,2.0,2.0,2.0,4.0,0.0,1.0,0.0,1.0,2.0,54.63
EG,2021-03-06,Q79,Egypt,581.0,41.0,102334403,27.0,29.0,2.0,2.0,2.0,4.0,0.0,1.0,0.0,1.0,2.0,54.63
EG,2021-03-07,Q79,Egypt,591.0,43.0,102334403,27.0,29.0,2.0,2.0,2.0,4.0,0.0,1.0,0.0,1.0,2.0,54.63
EG,2021-03-08,Q79,Egypt,622.0,44.0,102334403,27.0,29.0,2.0,2.0,2.0,4.0,0.0,1.0,0.0,1.0,2.0,54.63
EG,2021-03-09,Q79,Egypt,645.0,46.0,102334403,27.0,29.0,2.0,2.0,2.0,4.0,0.0,1.0,0.0,1.0,2.0,54.63
EG,2021-03-10,Q79,Egypt,639.0,41.0,102334403,27.0,29.0,2.0,2.0,2.0,4.0,0.0,1.0,0.0,1.0,2.0,54.63
EG,2021-03-11,Q79,Egypt,639.0,45.0,102334403,27.0,29.0,2.0,2.0,2.0,4.0,0.0,1.0,0.0,1.0,2.0,54.63
EG,2021-03-12,Q79,Egypt,641.0,42.0,102334403,27.0,29.0,2.0,2.0,2.0,4.0,0.0,1.0,0.0,1.0,2.0,54.63
EG,2021-03-13,Q79,Egypt,644.0,44.0,102334403,27.0,29.0,2.0,2.0,2.0,4.0,0.0,1.0,0.0,1.0,2.0,54.63
EG,2021-03-14,Q79,Egypt,631.0,40.0,102334403,27.0,29.0,2.0,2.0,2.0,4.0,0.0,1.0,0.0,1.0,2.0,54.63
EG,2021-03-15,Q79,Egypt,640.0,44.0,102334403,27.0,29.0,2.0,2.0,2.0,4.0,0.0,1.0,0.0,1.0,2.0,54.63
EG,2021-03-16,Q79,Egypt,645.0,47.0,102334403,27.0,29.0,2.0,2.0,2.0,4.0,0.0,1.0,0.0,1.0,2.0,54.63
EG,2021-03-17,Q79,Egypt,642.0,41.0,102334403,27.0,29.0,2.0,2.0,2.0,4.0,0.0,1.0,0.0,1.0,2.0,54.63
EG,2021-03-18,Q79,Egypt,645.0,40.0,102334403,27.0,29.0,2.0,2.0,2.0,4.0,0.0,1.0,0.0,1.0,2.0,54.63
EG,2021-03-19,Q79,Egypt,644.0,45.0,102334403,27.0,29.0,2.0,2.0,2.0,4.0,0.0,1.0,0.0,1.0,2.0,54.63
EG,2021-03-20,Q79,Egypt,647.0,41.0,102334403,27.0,29.0,2.0,2.0,2.0,4.0,0.0,1.0,0.0,1.0,2.0,54.63
EG,2021-03-21,Q79,Egypt,643.0,39.0,102334403,27.0,29.0,2.0,2.0,2.0,4.0,0.0,1.0,0.0,1.0,2.0,54.63
EG,2021-03-22,Q79,Egypt,648.0,43.0,102334403,27.0,29.0,2.0,2.0,2.0,4.0,0.0,0.0,0.0,1.0,0.0,50.93
EG,2021-03-23,Q79,Egypt,641.0,40.0,102334403,27.0,29.0,2.0,2.0,2.0,4.0,0.0,0.0,0.0,1.0,0.0,50.93
EG,2021-03-24,Q79,Egypt,661.0,48.0,102334403,27.0,29.0,2.0,2.0,2.0,4.0,0.0,0.0,0.0,1.0,0.0,50.93
EG,2021-03-25,Q79,Egypt,670.0,36.0,102334403,27.0,29.0,2.0,2.0,2.0,4.0,0.0,0.0,0.0,1.0,0.0,50.93
EG,2021-03-26,Q79,Egypt,683.0,41.0,102334403,27.0,29.0,2.0,2.0,2.0,4.0,0.0,0.0,0.0,1.0,0.0,50.93
EG,2021-03-27,Q79,Egypt,686.0,37.0,102334403,27.0,29.0,2.0,2.0,2.0,4.0,0.0,0.0,0.0,1.0,0.0,50.93
EG,2021-03-28,Q79,Egypt,689.0,32.0,102334403,27.0,29.0,2.0,2.0,2.0,4.0,0.0,0.0,0.0,1.0,0.0,50.93
EG,2021-03-29,Q79,Egypt,693.0,42.0,102334403,27.0,29.0,2.0,2.0,2.0,4.0,0.0,0.0,0.0,1.0,0.0,50.93
EG,2021-03-30,Q79,Egypt,699.0,39.0,102334403,27.0,29.0,1.0,2.0,2.0,4.0,0.0,1.0,0.0,1.0,0.0,50.93
EG,2021-03-31,Q79,Egypt,712.0,46.0,102334403,27.0,29.0,1.0,2.0,2.0,4.0,0.0,1.0,0.0,1.0,0.0,50.93
EG,2021-04-01,Q79,Egypt,703.0,43.0,102334403,27.0,29.0,1.0,2.0,2.0,4.0,0.0,1.0,0.0,1.0,0.0,50.93
EG,2021-04-02,Q79,Egypt,710.0,39.0,102334403,27.0,29.0,1.0,2.0,2.0,4.0,0.0,1.0,0.0,1.0,0.0,50.93
EG,2021-04-03,Q79,Egypt,709.0,40.0,102334403,27.0,29.0,1.0,2.0,2.0,4.0,0.0,1.0,0.0,1.0,0.0,50.93
EG,2021-04-04,Q79,Egypt,767.0,47.0,102334403,27.0,29.0,1.0,2.0,2.0,4.0,0.0,1.0,0.0,1.0,0.0,50.93
EG,2021-04-05,Q79,Egypt,778.0,43.0,102334403,27.0,29.0,1.0,2.0,2.0,4.0,0.0,1.0,0.0,1.0,0.0,50.93
EG,2021-04-06,Q79,Egypt,783.0,37.0,102334403,27.0,29.0,1.0,2.0,2.0,4.0,0.0,1.0,0.0,1.0,0.0,50.93
EG,2021-04-07,Q79,Egypt,789.0,33.0,102334403,27.0,29.0,1.0,2.0,2.0,4.0,0.0,1.0,0.0,1.0,0.0,50.93
EG,2021-04-08,Q79,Egypt,794.0,39.0,102334403,27.0,29.0,1.0,2.0,2.0,4.0,0.0,1.0,0.0,1.0,0.0,50.93
EG,2021-04-09,Q79,Egypt,801.0,43.0,102334403,27.0,29.0,1.0,2.0,2.0,4.0,0.0,1.0,0.0,1.0,0.0,50.93
EG,2021-04-10,Q79,Egypt,812.0,40.0,102334403,27.0,29.0,1.0,2.0,2.0,4.0,0.0,1.0,0.0,1.0,0.0,50.93
EG,2021-04-11,Q79,Egypt,818.0,42.0,102334403,27.0,29.0,1.0,2.0,2.0,4.0,0.0,1.0,0.0,1.0,0.0,50.93
EG,2021-04-12,Q79,Egypt,823.0,39.0,102334403,27.0,29.0,1.0,2.0,2.0,4.0,0.0,1.0,0.0,1.0,0.0,50.93
EG,2021-04-13,Q79,Egypt,831.0,44.0,102334403,27.0,29.0,1.0,2.0,2.0,4.0,0.0,1.0,0.0,1.0,0.0,50.93
EG,2021-04-14,Q79,Egypt,837.0,41.0,102334403,27.0,29.0,1.0,2.0,2.0,4.0,0.0,1.0,0.0,1.0,0.0,50.93
EG,2021-04-15,Q79,Egypt,841.0,42.0,102334403,27.0,29.0,1.0,2.0,2.0,4.0,0.0,1.0,0.0,1.0,0.0,50.93
EG,2021-04-16,Q79,Egypt,845.0,41.0,102334403,27.0,29.0,1.0,2.0,2.0,4.0,0.0,1.0,0.0,1.0,0.0,50.93
EG,2021-04-17,Q79,Egypt,850.0,44.0,102334403,27.0,29.0,1.0,2.0,2.0,4.0,0.0,1.0,0.0,1.0,0.0,50.93
EG,2021-04-18,Q79,Egypt,852.0,40.0,102334403,27.0,29.0,1.0,2.0,2.0,4.0,0.0,1.0,0.0,1.0,0.0,50.93
EG,2021-04-19,Q79,Egypt,855.0,42.0,102334403,27.0,29.0,1.0,2.0,2.0,4.0,0.0,1.0,0.0,1.0,0.0,50.93
EG,2021-04-20,Q79,Egypt,861.0,46.0,102334403,27.0,29.0,1.0,2.0,2.0,4.0,0.0,1.0,0.0,1.0,0.0,50.93
EG,2021-04-21,Q79,Egypt,872.0,48.0,102334403,27.0,29.0,1.0,2.0,2.0,4.0,0.0,1.0,0.0,1.0,0.0,50.93
EG,2021-04-22,Q79,Egypt,884.0,45.0,102334403,27.0,29.0,1.0,2.0,2.0,4.0,0.0,1.0,0.0,1.0,0.0,50.93
EG,2021-04-23,Q79,Egypt,912.0,39.0,102334403,27.0,29.0,1.0,2.0,2.0,4.0,0.0,1.0,0.0,1.0,0.0,50.93
EG,2021-04-24,Q79,Egypt,953.0,51.0,102334403,27.0,29.0,1.0,2.0,2.0,4.0,0.0,1.0,0.0,1.0,0.0,50.93
EG,2021-04-25,Q79,Egypt,991.0,58.0,102334403,27.0,29.0,1.0,2.0,2.0,4.0,0.0,1.0,0.0,1.0,0.0,50.93
EG,2021-04-26,Q79,Egypt,1003.0,61.0,102334403,27.0,29.0,1.0,2.0,2.0,4.0,0.0,1.0,0.0,1.0,0.0,50.93
EG,2021-04-27,Q79,Egypt,1011.0,51.0,102334403,27.0,29.0,1.0,2.0,2.0,4.0,0.0,1.0,0.0,1.0,0.0,50.93
EG,2021-04-28,Q79,Egypt,1003.0,59.0,102334403,27.0,29.0,1.0,2.0,2.0,4.0,0.0,1.0,0.0,1.0,0.0,50.93
EG,2021-04-29,Q79,Egypt,1021.0,61.0,102334403,27.0,29.0,1.0,2.0,2.0,4.0,0.0,1.0,0.0,1.0,0.0,50.93
EG,2021-04-30,Q79,Egypt,1032.0,63.0,102334403,27.0,29.0,1.0,2.0,2.0,4.0,0.0,1.0,0.0,1.0,0.0,50.93
EG,2021-05-01,Q79,Egypt,1051.0,67.0,102334403,27.0,29.0,1.0,2.0,2.0,4.0,0.0,1.0,0.0,1.0,0.0,50.93
EG,2021-05-02,Q79,Egypt,1078.0,62.0,102334403,27.0,29.0,1.0,2.0,2.0,4.0,0.0,1.0,0.0,1.0,0.0,50.93
EG,2021-05-03,Q79,Egypt,1090.0,60.0,102334403,27.0,29.0,1.0,2.0,2.0,4.0,0.0,1.0,0.0,1.0,0.0,50.93
EG,2021-05-04,Q79,Egypt,1102.0,64.0,102334403,27.0,29.0,1.0,2.0,2.0,4.0,0.0,1.0,0.0,1.0,0.0,50.93
EG,2021-05-05,Q79,Egypt,1110.0,59.0,102334403,27.0,29.0,1.0,2.0,2.0,4.0,0.0,1.0,0.0,1.0,0.0,50.93
EG,2021-05-06,Q79,Egypt,1125.0,65.0,102334403,27.0,29.0,2.0,2.0,2.0,4.0,2.0,1.0,0.0,1.0,0.0,65.74
EG,2021-05-07,Q79,Egypt,1132.0,66.0,102334403,27.0,29.0,2.0,2.0,2.0,4.0,2.0,1.0,0.0,1.0,0.0,65.74
EG,2021-05-08,Q79,Egypt,1138.0,59.0,102334403,27.0,29.0,2.0,2.0,2.0,4.0,2.0,1.0,0.0,1.0,0.0,65.74
EG,2021-05-09,Q79,Egypt,1150.0,68.0,102334403,27.0,29.0,2.0,2.0,2.0,4.0,2.0,1.0,0.0,1.0,0.0,65.74
EG,2021-05-10,Q79,Egypt,1180.0,61.0,102334403,27.0,29.0,2.0,2.0,2.0,4.0,2.0,1.0,0.0,1.0,0.0,65.74
EG,2021-05-11,Q79,Egypt,1187.0,58.0,102334403,27.0,29.0,2.0,2.0,2.0,4.0,2.0,1.0,0.0,1.0,0.0,65.74
EG,2021-05-12,Q79,Egypt,1193.0,59.0,102334403,27.0,29.0,2.0,2.0,2.0,4.0,2.0,1.0,0.0,1.0,0.0,65.74
EG,2021-05-13,Q79,Egypt,1197.0,56.0,102334403,27.0,29.0,2.0,2.0,2.0,4.0,2.0,1.0,0.0,1.0,0.0,65.74
EG,2021-05-14,Q79,Egypt,1203.0,63.0,102334403,27.0,29.0,2.0,2.0,2.0,4.0,2.0,1.0,0.0,1.0,0.0,65.74
EG,2021-05-15,Q79,Egypt,1201.0,58.0,102334403,27.0,29.0,2.0,2.0,2.0,4.0,2.0,1.0,0.0,1.0,0.0,65.74
EG,2021-05-16,Q79,Egypt,1188.0,61.0,102334403,27.0,29.0,2.0,2.0,2.0,4.0,2.0,1.0,0.0,1.0,0.0,65.74
EG,2021-05-17,Q79,Egypt,1169.0,53.0,102334403,27.0,29.0,2.0,2.0,2.0,4.0,2.0,1.0,0.0,1.0,0.0,65.74
EG,2021-05-18,Q79,Egypt,1160.0,57.0,102334403,27.0,29.0,2.0,2.0,2.0,4.0,2.0,1.0,0.0,1.0,0.0,65.74
EG,2021-05-19,Q79,Egypt,1153.0,61.0,102334403,27.0,29.0,2.0,2.0,2.0,4.0,2.0,1.0,0.0,1.0,0.0,65.74
EG,2021-05-20,Q79,Egypt,1148.0,52.0,102334403,27.0,29.0,2.0,2.0,2.0,4.0,2.0,1.0,0.0,1.0,0.0,65.74
EG,2021-05-21,Q79,Egypt,1151.0,59.0,102334403,27.0,29.0,2.0,2.0,2.0,4.0,2.0,1.0,0.0,1.0,0.0,65.74
EG,2021-05-22,Q79,Egypt,1145.0,51.0,102334403,27.0,29.0,2.0,2.0,2.0,4.0,2.0,1.0,0.0,1.0,0.0,65.74
EG,2021-05-23,Q79,Egypt,1149.0,45.0,102334403,27.0,29.0,2.0,2.0,2.0,4.0,2.0,1.0,0.0,1.0,0.0,65.74
EG,2021-05-24,Q79,Egypt,1140.0,41.0,102334403,27.0,29.0,2.0,2.0,2.0,4.0,2.0,1.0,0.0,1.0,0.0,65.74
EG,2021-05-25,Q79,Egypt,1151.0,43.0,102334403,27.0,29.0,2.0,2.0,2.0,4.0,2.0,1.0,0.0,1.0,0.0,65.74
EG,2021-05-26,Q79,Egypt,1132.0,54.0,102334403,27.0,29.0,2.0,2.0,2.0,4.0,2.0,1.0,0.0,1.0,0.0,65.74
EG,2021-05-27,Q79,Egypt,1133.0,46.0,102334403,27.0,29.0,2.0,2.0,2.0,4.0,2.0,1.0,0.0,1.0,0.0,65.74
EG,2021-05-28,Q79,Egypt,1119.0,51.0,102334403,27.0,29.0,2.0,2.0,2.0,4.0,2.0,1.0,0.0,1.0,0.0,65.74
EG,2021-05-29,Q79,Egypt,1007.0,46.0,102334403,27.0,29.0,2.0,2.0,2.0,4.0,2.0,1.0,0.0,1.0,0.0,65.74
EG,2021-05-30,Q79,Egypt,984.0,49.0,102334403,27.0,29.0,2.0,2.0,2.0,4.0,2.0,1.0,0.0,1.0,0.0,65.74
EG,2021-05-31,Q79,Egypt,956.0,40.0,102334403,27.0,29.0,2.0,2.0,2.0,4.0,2.0,1.0,0.0,1.0,0.0,65.74
EG,2021-06-01,Q79,Egypt,951.0,42.0,102334403,27.0,29.0,2.0,0.0,0.0,1.0,1.0,1.0,0.0,1.0,0.0,33.33
EG,2021-06-02,Q79,Egypt,932.0,44.0,102334403,27.0,29.0,2.0,0.0,0.0,1.0,1.0,1.0,0.0,1.0,0.0,33.33
EG,2021-06-03,Q79,Egypt,861.0,46.0,102334403,27.0,29.0,2.0,0.0,0.0,1.0,1.0,1.0,0.0,1.0,0.0,33.33
EG,2021-06-04,Q79,Egypt,821.0,41.0,102334403,27.0,29.0,2.0,0.0,0.0,1.0,1.0,1.0,0.0,1.0,0.0,33.33
EG,2021-06-05,Q79,Egypt,801.0,43.0,102334403,27.0,29.0,2.0,0.0,0.0,1.0,1.0,1.0,0.0,1.0,0.0,33.33
EG,2021-06-06,Q79,Egypt,782.0,47.0,102334403,27.0,29.0,2.0,0.0,0.0,1.0,1.0,1.0,0.0,1.0,0.0,33.33
EG,2021-06-07,Q79,Egypt,773.0,38.0,102334403,27.0,29.0,1.0,1.0,2.0,4.0,0.0,0.0,0.0,1.0,0.0,43.52
EG,2021-06-08,Q79,Egypt,765.0,34.0,102334403,27.0,29.0,1.0,1.0,2.0,4.0,0.0,0.0,0.0,1.0,0.0,43.52
EG,2021-06-09,Q79,Egypt,755.0,39.0,102334403,27.0,29.0,1.0,1.0,2.0,4.0,0.0,0.0,0.0,1.0,0.0,43.52
EG,2021-06-10,Q79,Egypt,733.0,37.0,102334403,27.0,29.0,1.0,1.0,2.0,4.0,0.0,0.0,0.0,1.0,0.0,43.52
EG,2021-06-11,Q79,Egypt,711.0,35.0,102334403,27.0,29.0,1.0,1.0,2.0,4.0,0.0,0.0,0.0,1.0,0.0,43.52
EG,2021-06-12,Q79,Egypt,691.0,41.0,102334403,27.0,29.0,1.0,1.0,2.0,4.0,0.0,0.0,0.0,1.0,0.0,43.52
EG,2021-06-13,Q79,Egypt,613.0,31.0,102334403,27.0,29.0,1.0,1.0,2.0,4.0,0.0,0.0,0.0,1.0,0.0,43.52
EG,2021-06-14,Q79,Egypt,609.0,37.0,102334403,27.0,29.0,1.0,1.0,2.0,4.0,0.0,0.0,0.0,1.0,0.0,43.52
EG,2021-06-15,Q79,Egypt,606.0,32.0,102334403,27.0,29.0,1.0,1.0,2.0,4.0,0.0,0.0,0.0,1.0,0.0,43.52
EG,2021-06-16,Q79,Egypt,591.0,37.0,102334403,27.0,29.0,1.0,1.0,2.0,4.0,0.0,0.0,0.0,1.0,0.0,43.52
EG,2021-06-17,Q79,Egypt,589.0,31.0,102334403,27.0,29.0,1.0,1.0,2.0,4.0,0.0,0.0,0.0,1.0,0.0,43.52
EG,2021-06-18,Q79,Egypt,566.0,38.0,102334403,27.0,29.0,1.0,1.0,2.0,4.0,0.0,0.0,0.0,1.0,0.0,43.52
EG,2021-06-19,Q79,Egypt,532.0,30.0,102334403,27.0,29.0,1.0,1.0,2.0,4.0,0.0,0.0,0.0,1.0,0.0,43.52
EG,2021-06-20,Q79,Egypt,509.0,39.0,102334403,27.0,29.0,1.0,1.0,2.0,4.0,0.0,0.0,0.0,1.0,0.0,43.52
EG,2021-06-21,Q79,Egypt,498.0,37.0,102334403,27.0,29.0,1.0,1.0,2.0,4.0,0.0,0.0,0.0,1.0,0.0,43.52
EG,2021-06-22,Q79,Egypt,466.0,32.0,102334403,27.0,29.0,1.0,1.0,2.0,4.0,0.0,0.0,0.0,1.0,0.0,43.52
EG,2021-06-23,Q79,Egypt,423.0,35.0,102334403,27.0,29.0,1.0,1.0,2.0,4.0,0.0,0.0,0.0,1.0,0.0,43.52
EG,2021-06-24,Q79,Egypt,412.0,29.0,102334403,27.0,29.0,1.0,1.0,2.0,4.0,0.0,0.0,0.0,1.0,0.0,43.52
EG,2021-06-25,Q79,Egypt,409.0,31.0,102334403,27.0,29.0,1.0,1.0,2.0,4.0,0.0,0.0,0.0,1.0,0.0,43.52
EG,2021-06-26,Q79,Egypt,389.0,30.0,102334403,27.0,29.0,1.0,1.0,2.0,4.0,0.0,0.0,0.0,1.0,0.0,43.52
EG,2021-06-27,Q79,Egypt,376.0,33.0,102334403,27.0,29.0,1.0,1.0,2.0,4.0,0.0,0.0,0.0,1.0,0.0,43.52
EG,2021-06-28,Q79,Egypt,261.0,23.0,102334403,27.0,29.0,1.0,1.0,2.0,4.0,0.0,0.0,0.0,1.0,0.0,43.52
EG,2021-06-29,Q79,Egypt,251.0,21.0,102334403,27.0,29.0,1.0,1.0,2.0,4.0,0.0,0.0,0.0,1.0,0.0,43.52
EG,2021-06-30,Q79,Egypt,242.0,25.0,102334403,27.0,29.0,1.0,1.0,2.0,4.0,0.0,0.0,0.0,1.0,0.0,43.52
EG,2021-07-01,Q79,Egypt,198.0,21.0,102334403,27.0,29.0,1.0,1.0,2.0,4.0,0.0,0.0,0.0,1.0,0.0,43.52
EG,2021-07-02,Q79,Egypt,181.0,27.0,102334403,27.0,29.0,1.0,1.0,2.0,4.0,0.0,0.0,0.0,1.0,0.0,43.52
EG,2021-07-03,Q79,Egypt,179.0,22.0,102334403,27.0,29.0,1.0,1.0,2.0,4.0,0.0,0.0,0.0,1.0,0.0,43.52
EG,2021-07-04,Q79,Egypt,175.0,20.0,102334403,27.0,29.0,1.0,1.0,2.0,4.0,0.0,0.0,0.0,1.0,0.0,43.52
EG,2021-07-05,Q79,Egypt,164.0,22.0,102334403,27.0,29.0,1.0,1.0,2.0,4.0,0.0,0.0,0.0,1.0,0.0,43.52
EG,2021-07-06,Q79,Egypt,161.0,26.0,102334403,27.0,29.0,1.0,1.0,2.0,4.0,0.0,0.0,0.0,1.0,0.0,43.52
EG,2021-07-07,Q79,Egypt,155.0,19.0,102334403,27.0,29.0,1.0,1.0,2.0,4.0,0.0,0.0,0.0,1.0,0.0,43.52
EG,2021-07-08,Q79,Egypt,127.0,17.0,102334403,27.0,29.0,1.0,1.0,2.0,4.0,0.0,0.0,0.0,1.0,0.0,43.52
EG,2021-07-09,Q79,Egypt,121.0,15.0,102334403,27.0,29.0,1.0,1.0,2.0,4.0,0.0,0.0,0.0,1.0,0.0,43.52
EG,2021-07-10,Q79,Egypt,117.0,13.0,102334403,27.0,29.0,1.0,1.0,2.0,4.0,0.0,0.0,0.0,1.0,0.0,43.52
EG,2021-07-11,Q79,Egypt,110.0,7.0,102334403,27.0,29.0,1.0,1.0,2.0,4.0,0.0,0.0,0.0,1.0,0.0,43.52
EG,2021-07-12,Q79,Egypt,108.0,9.0,102334403,27.0,29.0,1.0,1.0,2.0,4.0,0.0,0.0,0.0,1.0,0.0,43.52
EG,2021-07-13,Q79,Egypt,89.0,6.0,102334403,27.0,29.0,1.0,1.0,2.0,4.0,0.0,0.0,0.0,1.0,0.0,43.52
EG,2021-07-14,Q79,Egypt,81.0,7.0,102334403,27.0,29.0,1.0,1.0,2.0,4.0,0.0,0.0,0.0,1.0,0.0,43.52
EG,2021-07-15,Q79,Egypt,77.0,6.0,102334403,27.0,29.0,1.0,1.0,2.0,4.0,0.0,0.0,0.0,1.0,0.0,43.52
EG,2021-07-16,Q79,Egypt,69.0,8.0,102334403,27.0,29.0,1.0,1.0,2.0,4.0,0.0,0.0,0.0,1.0,0.0,43.52
EG,2021-07-17,Q79,Egypt,67.0,7.0,102334403,27.0,29.0,1.0,1.0,2.0,4.0,0.0,0.0,0.0,1.0,0.0,43.52
EG,2021-07-18,Q79,Egypt,59.0,6.0,102334403,27.0,29.0,1.0,1.0,2.0,4.0,0.0,0.0,0.0,1.0,0.0,43.52
EG,2021-07-19,Q79,Egypt,51.0,5.0,102334403,27.0,29.0,1.0,1.0,2.0,4.0,0.0,0.0,0.0,1.0,0.0,43.52
EG,2021-07-20,Q79,Egypt,49.0,8.0,102334403,27.0,29.0,1.0,1.0,2.0,4.0,0.0,0.0,0.0,1.0,0.0,43.52
EG,2021-07-21,Q79,Egypt,44.0,5.0,102334403,27.0,29.0,1.0,1.0,2.0,4.0,0.0,0.0,0.0,1.0,0.0,43.52
EG,2021-07-22,Q79,Egypt,41.0,7.0,102334403,27.0,29.0,1.0,1.0,2.0,4.0,0.0,0.0,0.0,1.0,0.0,43.52
EG,2021-07-23,Q79,Egypt,38.0,4.0,102334403,27.0,29.0,1.0,1.0,2.0,4.0,0.0,0.0,0.0,1.0,0.0,43.52
EG,2021-07-24,Q79,Egypt,39.0,6.0,102334403,27.0,29.0,1.0,1.0,2.0,4.0,0.0,0.0,0.0,1.0,0.0,43.52
EG,2021-07-25,Q79,Egypt,35.0,7.0,102334403,27.0,29.0,1.0,1.0,2.0,4.0,0.0,0.0,0.0,1.0,0.0,43.52
EG,2021-07-26,Q79,Egypt,31.0,4.0,102334403,27.0,29.0,1.0,1.0,2.0,4.0,0.0,0.0,0.0,1.0,0.0,43.52
EG,2021-07-27,Q79,Egypt,38.0,9.0,102334403,27.0,29.0,1.0,1.0,2.0,4.0,0.0,0.0,0.0,1.0,0.0,43.52
EG,2021-07-28,Q79,Egypt,42.0,7.0,102334403,27.0,29.0,1.0,1.0,2.0,4.0,0.0,0.0,0.0,1.0,0.0,43.52
EG,2021-07-29,Q79,Egypt,45.0,4.0,102334403,27.0,29.0,1.0,1.0,2.0,4.0,0.0,0.0,0.0,1.0,0.0,43.52
EG,2021-07-30,Q79,Egypt,47.0,6.0,102334403,27.0,29.0,1.0,1.0,2.0,4.0,0.0,0.0,0.0,1.0,0.0,43.52
EG,2021-07-31,Q79,Egypt,49.0,4.0,102334403,27.0,29.0,1.0,1.0,2.0,4.0,0.0,0.0,0.0,1.0,0.0,43.52
EG,2021-08-01,Q79,Egypt,51.0,7.0,102334403,27.0,29.0,1.0,1.0,2.0,4.0,0.0,0.0,0.0,1.0,0.0,43.52
EG,2021-08-02,Q79,Egypt,53.0,5.0,102334403,27.0,29.0,1.0,1.0,2.0,4.0,0.0,0.0,0.0,1.0,0.0,43.52
EG,2021-08-03,Q79,Egypt,57.0,10.0,102334403,27.0,29.0,1.0,1.0,2.0,4.0,0.0,0.0,0.0,1.0,0.0,43.52
EG,2021-08-04,Q79,Egypt,51.0,7.0,102334403,27.0,29.0,1.0,1.0,2.0,4.0,0.0,0.0,0.0,1.0,0.0,43.52
EG,2021-08-05,Q79,Egypt,57.0,5.0,102334403,27.0,29.0,1.0,1.0,2.0,4.0,0.0,0.0,0.0,1.0,0.0,43.52
EG,2021-08-06,Q79,Egypt,61.0,4.0,102334403,27.0,29.0,1.0,1.0,2.0,4.0,0.0,0.0,0.0,1.0,0.0,43.52
EG,2021-08-07,Q79,Egypt,65.0,9.0,102334403,27.0,29.0,1.0,1.0,2.0,4.0,0.0,0.0,0.0,1.0,0.0,43.52
EG,2021-08-08,Q79,Egypt,83.0,7.0,102334403,27.0,29.0,1.0,1.0,2.0,4.0,0.0,0.0,0.0,1.0,0.0,43.52
EG,2021-08-09,Q79,Egypt,86.0,6.0,102334403,27.0,29.0,1.0,1.0,2.0,4.0,0.0,0.0,0.0,1.0,0.0,43.52
EG,2021-08-10,Q79,Egypt,91.0,9.0,102334403,27.0,29.0,1.0,1.0,2.0,4.0,0.0,0.0,0.0,1.0,0.0,43.52
EG,2021-08-11,Q79,Egypt,95.0,7.0,102334403,27.0,29.0,1.0,1.0,2.0,4.0,0.0,0.0,0.0,1.0,0.0,43.52
EG,2021-08-12,Q79,Egypt,97.0,5.0,102334403,27.0,29.0,1.0,1.0,2.0,4.0,0.0,0.0,0.0,1.0,0.0,43.52
EG,2021-08-13,Q79,Egypt,99.0,6.0,102334403,27.0,29.0,1.0,1.0,2.0,4.0,0.0,0.0,0.0,1.0,0.0,43.52
EG,2021-08-14,Q79,Egypt,101.0,4.0,102334403,27.0,29.0,1.0,1.0,2.0,4.0,0.0,0.0,0.0,1.0,0.0,43.52
EG,2021-08-15,Q79,Egypt,107.0,6.0,102334403,27.0,29.0,1.0,1.0,2.0,4.0,0.0,0.0,0.0,1.0,0.0,43.52
EG,2021-08-16,Q79,Egypt,112.0,5.0,102334403,27.0,29.0,1.0,1.0,2.0,4.0,0.0,0.0,0.0,1.0,0.0,43.52
EG,2021-08-17,Q79,Egypt,123.0,8.0,102334403,27.0,29.0,1.0,1.0,2.0,4.0,0.0,0.0,0.0,1.0,0.0,43.52
EG,2021-08-18,Q79,Egypt,131.0,9.0,102334403,27.0,29.0,1.0,1.0,2.0,4.0,0.0,0.0,0.0,1.0,0.0,43.52
EG,2021-08-19,Q79,Egypt,164.0,7.0,102334403,27.0,29.0,1.0,1.0,2.0,4.0,0.0,0.0,0.0,1.0,0.0,43.52
EG,2021-08-20,Q79,Egypt,173.0,9.0,102334403,27.0,29.0,1.0,1.0,2.0,4.0,0.0,0.0,0.0,1.0,0.0,43.52
EG,2021-08-21,Q79,Egypt,184.0,8.0,102334403,27.0,29.0,1.0,1.0,2.0,4.0,0.0,0.0,0.0,1.0,0.0,43.52
EG,2021-08-22,Q79,Egypt,189.0,5.0,102334403,27.0,29.0,1.0,1.0,2.0,4.0,0.0,0.0,0.0,1.0,0.0,43.52
EG,2021-08-23,Q79,Egypt,194.0,7.0,102334403,27.0,29.0,1.0,1.0,2.0,4.0,0.0,0.0,0.0,1.0,0.0,43.52
EG,2021-08-24,Q79,Egypt,203.0,8.0,102334403,27.0,29.0,1.0,1.0,2.0,4.0,0.0,0.0,0.0,1.0,0.0,43.52
EG,2021-08-25,Q79,Egypt,221.0,10.0,102334403,27.0,29.0,1.0,1.0,2.0,4.0,0.0,0.0,0.0,1.0,0.0,43.52
EG,2021-08-26,Q79,Egypt,234.0,5.0,102334403,27.0,29.0,1.0,1.0,2.0,4.0,0.0,0.0,0.0,1.0,0.0,43.52
EG,2021-08-27,Q79,Egypt,251.0,8.0,102334403,27.0,29.0,1.0,1.0,2.0,4.0,0.0,0.0,0.0,1.0,0.0,43.52
EG,2021-08-28,Q79,Egypt,255.0,7.0,102334403,27.0,29.0,1.0,1.0,2.0,4.0,0.0,0.0,0.0,1.0,0.0,43.52
EG,2021-08-29,Q79,Egypt,263.0,6.0,102334403,27.0,29.0,1.0,1.0,2.0,4.0,0.0,0.0,0.0,1.0,0.0,43.52
EG,2021-08-30,Q79,Egypt,279.0,9.0,102334403,27.0,29.0,1.0,1.0,2.0,4.0,0.0,0.0,0.0,1.0,0.0,43.52
EG,2021-08-31,Q79,Egypt,291.0,7.0,102334403,27.0,29.0,1.0,1.0,2.0,4.0,0.0,0.0,0.0,1.0,0.0,43.52
EG,2021-09-01,Q79,Egypt,303.0,12.0,102334403,27.0,29.0,1.0,1.0,2.0,4.0,0.0,0.0,0.0,1.0,0.0,43.52
EG,2021-09-02,Q79,Egypt,318.0,11.0,102334403,27.0,29.0,1.0,1.0,2.0,4.0,0.0,0.0,0.0,1.0,0.0,43.52
EG,2021-09-03,Q79,Egypt,331.0,10.0,102334403,27.0,29.0,1.0,1.0,2.0,4.0,0.0,0.0,0.0,1.0,0.0,43.52
EG,2021-09-04,Q79,Egypt,343.0,13.0,102334403,27.0,29.0,1.0,1.0,2.0,4.0,0.0,0.0,0.0,1.0,0.0,43.52
EG,2021-09-05,Q79,Egypt,368.0,12.0,102334403,27.0,29.0,1.0,1.0,2.0,4.0,0.0,0.0,0.0,1.0,0.0,43.52
EG,2021-09-06,Q79,Egypt,378.0,10.0,102334403,27.0,29.0,1.0,1.0,2.0,4.0,0.0,0.0,0.0,1.0,0.0,43.52
EG,2021-09-07,Q79,Egypt,399.0,13.0,102334403,27.0,29.0,1.0,1.0,2.0,4.0,0.0,0.0,0.0,1.0,0.0,43.52
EG,2021-09-08,Q79,Egypt,413.0,12.0,102334403,27.0,29.0,1.0,1.0,2.0,4.0,0.0,0.0,0.0,1.0,0.0,43.52
EG,2021-09-09,Q79,Egypt,433.0,11.0,102334403,27.0,29.0,1.0,1.0,2.0,4.0,0.0,0.0,0.0,1.0,0.0,43.52
EG,2021-09-10,Q79,Egypt,458.0,13.0,102334403,27.0,29.0,1.0,1.0,2.0,4.0,0.0,0.0,0.0,1.0,0.0,43.52
EG,2021-09-11,Q79,Egypt,481.0,11.0,102334403,27.0,29.0,1.0,1.0,2.0,4.0,0.0,0.0,0.0,1.0,0.0,43.52
EG,2021-09-12,Q79,Egypt,491.0,14.0,102334403,27.0,29.0,1.0,1.0,2.0,4.0,0.0,0.0,0.0,1.0,0.0,43.52
EG,2021-09-13,Q79,Egypt,503.0,10.0,102334403,27.0,29.0,1.0,1.0,2.0,4.0,0.0,0.0,0.0,1.0,0.0,43.52
EG,2021-09-14,Q79,Egypt,531.0,13.0,102334403,27.0,29.0,1.0,1.0,2.0,4.0,0.0,0.0,0.0,1.0,0.0,43.52
EG,2021-09-15,Q79,Egypt,569.0,13.0,102334403,27.0,29.0,1.0,1.0,2.0,4.0,0.0,0.0,0.0,1.0,0.0,43.52
EG,2021-09-16,Q79,Egypt,588.0,14.0,102334403,27.0,29.0,1.0,1.0,2.0,4.0,0.0,0.0,0.0,1.0,0.0,43.52
EG,2021-09-17,Q79,Egypt,637.0,16.0,102334403,27.0,29.0,1.0,1.0,2.0,4.0,0.0,0.0,0.0,1.0,0.0,43.52
EG,2021-09-18,Q79,Egypt,653.0,19.0,102334403,27.0,29.0,1.0,1.0,2.0,4.0,0.0,0.0,0.0,1.0,0.0,43.52
EG,2021-09-19,Q79,Egypt,679.0,22.0,102334403,27.0,29.0,1.0,1.0,2.0,4.0,0.0,0.0,0.0,1.0,0.0,43.52
EG,2021-09-20,Q79,Egypt,688.0,24.0,102334403,27.0,29.0,1.0,1.0,2.0,4.0,0.0,0.0,0.0,1.0,0.0,43.52
EG,2021-09-21,Q79,Egypt,692.0,27.0,102334403,27.0,29.0,1.0,1.0,2.0,4.0,0.0,0.0,0.0,1.0,0.0,43.52
EG,2021-09-22,Q79,Egypt,722.0,31.0,102334403,27.0,29.0,1.0,1.0,2.0,4.0,0.0,0.0,0.0,1.0,0.0,43.52
EG,2021-09-23,Q79,Egypt,568.0,36.0,102334403,27.0,29.0,1.0,1.0,2.0,4.0,0.0,0.0,0.0,1.0,0.0,43.52
EG,2021-09-24,Q79,Egypt,667.0,39.0,102334403,27.0,29.0,1.0,1.0,2.0,4.0,0.0,0.0,0.0,1.0,0.0,43.52
EG,2021-09-25,Q79,Egypt,680.0,38.0,102334403,27.0,29.0,1.0,1.0,2.0,4.0,0.0,0.0,0.0,1.0,0.0,43.52
EG,2021-09-26,Q79,Egypt,702.0,37.0,102334403,27.0,29.0,1.0,1.0,2.0,4.0,0.0,0.0,0.0,1.0,0.0,43.52
EG,2021-09-27,Q79,Egypt,718.0,39.0,102334403,27.0,29.0,1.0,1.0,2.0,4.0,0.0,0.0,0.0,1.0,0.0,43.52
EG,2021-09-28,Q79,Egypt,738.0,31.0,102334403,27.0,29.0,1.0,1.0,2.0,4.0,0.0,0.0,0.0,1.0,0.0,43.52
EG,2021-09-29,Q79,Egypt,741.0,37.0,102334403,27.0,29.0,1.0,1.0,2.0,4.0,0.0,0.0,0.0,1.0,0.0,43.52
EG,2021-09-30,Q79,Egypt,745.0,36.0,102334403,27.0,29.0,1.0,1.0,2.0,4.0,0.0,0.0,0.0,1.0,0.0,43.52
EG,2021-10-01,Q79,Egypt,761.0,32.0,102334403,27.0,29.0,1.0,1.0,2.0,4.0,0.0,0.0,0.0,1.0,0.0,43.52
EG,2021-10-02,Q79,Egypt,768.0,37.0,102334403,27.0,29.0,1.0,1.0,2.0,4.0,0.0,0.0,0.0,1.0,0.0,43.52
EG,2021-10-03,Q79,Egypt,771.0,33.0,102334403,27.0,29.0,1.0,1.0,2.0,4.0,0.0,0.0,0.0,1.0,0.0,43.52
EG,2021-10-04,Q79,Egypt,778.0,39.0,102334403,27.0,29.0,1.0,1.0,2.0,4.0,0.0,0.0,0.0,1.0,0.0,43.52
EG,2021-10-05,Q79,Egypt,788.0,37.0,102334403,27.0,29.0,1.0,1.0,2.0,4.0,0.0,0.0,0.0,1.0,0.0,43.52
EG,2021-10-06,Q79,Egypt,799.0,39.0,102334403,27.0,29.0,1.0,1.0,2.0,4.0,0.0,0.0,0.0,1.0,0.0,43.52
EG,2021-10-07,Q79,Egypt,811.0,35.0,102334403,27.0,29.0,1.0,1.0,2.0,4.0,0.0,0.0,0.0,1.0,0.0,43.52
EG,2021-10-08,Q79,Egypt,831.0,39.0,102334403,27.0,29.0,1.0,1.0,2.0,4.0,0.0,0.0,0.0,1.0,0.0,43.52
EG,2021-10-09,Q79,Egypt,837.0,37.0,102334403,27.0,29.0,1.0,1.0,2.0,4.0,0.0,0.0,0.0,1.0,0.0,43.52
EG,2021-10-10,Q79,Egypt,846.0,31.0,102334403,27.0,29.0,1.0,1.0,2.0,4.0,0.0,0.0,0.0,1.0,0.0,43.52
EG,2021-10-11,Q79,Egypt,857.0,39.0,102334403,27.0,29.0,1.0,1.0,2.0,4.0,0.0,0.0,0.0,1.0,0.0,43.52
EG,2021-10-12,Q79,Egypt,861.0,41.0,102334403,27.0,29.0,1.0,1.0,2.0,4.0,0.0,0.0,0.0,1.0,0.0,43.52
EG,2021-10-13,Q79,Egypt,865.0,40.0,102334403,27.0,29.0,1.0,1.0,2.0,4.0,0.0,0.0,0.0,1.0,0.0,43.52
EG,2021-10-14,Q79,Egypt,869.0,38.0,102334403,27.0,29.0,1.0,1.0,2.0,4.0,0.0,0.0,0.0,1.0,0.0,43.52
EG,2021-10-15,Q79,Egypt,874.0,42.0,102334403,27.0,29.0,1.0,1.0,2.0,4.0,0.0,0.0,0.0,1.0,0.0,43.52
EG,2021-10-16,Q79,Egypt,871.0,44.0,102334403,27.0,29.0,1.0,1.0,2.0,4.0,0.0,0.0,0.0,1.0,0.0,43.52
EG,2021-10-17,Q79,Egypt,883.0,45.0,102334403,27.0,29.0,1.0,1.0,2.0,4.0,0.0,0.0,0.0,1.0,0.0,43.52
EG,2021-10-18,Q79,Egypt,868.0,43.0,102334403,27.0,29.0,1.0,1.0,2.0,4.0,0.0,0.0,0.0,1.0,0.0,43.52
EG,2021-10-19,Q79,Egypt,877.0,47.0,102334403,27.0,29.0,1.0,1.0,2.0,4.0,0.0,0.0,0.0,1.0,0.0,43.52
EG,2021-10-20,Q79,Egypt,883.0,46.0,102334403,27.0,29.0,1.0,1.0,2.0,4.0,0.0,0.0,0.0,1.0,0.0,43.52
EG,2021-10-21,Q79,Egypt,885.0,44.0,102334403,27.0,29.0,1.0,1.0,2.0,4.0,0.0,0.0,0.0,1.0,0.0,43.52
EG,2021-10-22,Q79,Egypt,881.0,47.0,102334403,27.0,29.0,1.0,1.0,2.0,4.0,0.0,0.0,0.0,1.0,0.0,43.52
EG,2021-10-23,Q79,Egypt,886.0,43.0,102334403,27.0,29.0,1.0,1.0,2.0,4.0,0.0,0.0,0.0,1.0,0.0,43.52
EG,2021-10-24,Q79,Egypt,889.0,48.0,102334403,27.0,29.0,1.0,1.0,2.0,4.0,0.0,0.0,0.0,1.0,0.0,43.52
EG,2021-10-25,Q79,Egypt,871.0,42.0,102334403,27.0,29.0,1.0,1.0,2.0,4.0,0.0,0.0,0.0,1.0,0.0,43.52
EG,2021-10-26,Q79,Egypt,907.0,53.0,102334403,27.0,29.0,1.0,1.0,2.0,4.0,0.0,0.0,0.0,1.0,0.0,43.52
EG,2021-10-27,Q79,Egypt,923.0,55.0,102334403,27.0,29.0,1.0,1.0,2.0,4.0,0.0,0.0,0.0,1.0,0.0,43.52
EG,2021-10-28,Q79,Egypt,927.0,52.0,102334403,27.0,29.0,1.0,1.0,2.0,4.0,0.0,0.0,0.0,1.0,0.0,43.52
EG,2021-10-29,Q79,Egypt,948.0,57.0,102334403,27.0,29.0,1.0,1.0,2.0,4.0,0.0,0.0,0.0,1.0,0.0,43.52
EG,2021-10-30,Q79,Egypt,933.0,59.0,102334403,27.0,29.0,1.0,1.0,2.0,4.0,0.0,0.0,0.0,1.0,0.0,43.52
EG,2021-10-31,Q79,Egypt,951.0,60.0,102334403,27.0,29.0,1.0,1.0,2.0,4.0,0.0,0.0,0.0,1.0,0.0,43.52
EG,2021-11-01,Q79,Egypt,921.0,58.0,102334403,27.0,29.0,1.0,1.0,2.0,4.0,0.0,0.0,0.0,1.0,0.0,43.52
EG,2021-11-02,Q79,Egypt,951.0,63.0,102334403,27.0,29.0,1.0,1.0,2.0,4.0,0.0,0.0,0.0,1.0,0.0,43.52
EG,2021-11-03,Q79,Egypt,911.0,57.0,102334403,27.0,29.0,1.0,1.0,2.0,4.0,0.0,0.0,0.0,1.0,0.0,43.52
EG,2021-11-04,Q79,Egypt,922.0,60.0,102334403,27.0,29.0,1.0,1.0,2.0,4.0,0.0,0.0,0.0,1.0,0.0,43.52
EG,2021-11-05,Q79,Egypt,909.0,62.0,102334403,27.0,29.0,1.0,1.0,2.0,4.0,0.0,0.0,0.0,1.0,0.0,43.52
EG,2021-11-06,Q79,Egypt,903.0,65.0,102334403,27.0,29.0,1.0,1.0,2.0,4.0,0.0,0.0,0.0,1.0,0.0,43.52
EG,2021-11-07,Q79,Egypt,929.0,54.0,102334403,27.0,29.0,1.0,1.0,2.0,4.0,0.0,0.0,0.0,1.0,0.0,43.52
EG,2021-11-08,Q79,Egypt,921.0,56.0,102334403,27.0,29.0,1.0,1.0,2.0,4.0,0.0,0.0,0.0,1.0,0.0,43.52
EG,2021-11-09,Q79,Egypt,934.0,63.0,102334403,27.0,29.0,1.0,1.0,2.0,4.0,0.0,0.0,0.0,1.0,0.0,43.52
EG,2021-11-10,Q79,Egypt,919.0,60.0,102334403,27.0,29.0,1.0,1.0,2.0,4.0,0.0,0.0,0.0,1.0,0.0,43.52
EG,2021-11-11,Q79,Egypt,909.0,57.0,102334403,27.0,29.0,1.0,1.0,2.0,4.0,0.0,0.0,0.0,1.0,0.0,43.52
EG,2021-11-12,Q79,Egypt,929.0,69.0,102334403,27.0,29.0,1.0,1.0,2.0,4.0,0.0,0.0,0.0,1.0,0.0,43.52
EG,2021-11-13,Q79,Egypt,935.0,64.0,102334403,27.0,29.0,1.0,1.0,2.0,4.0,0.0,0.0,0.0,1.0,0.0,43.52
EG,2021-11-14,Q79,Egypt,946.0,68.0,102334403,27.0,29.0,1.0,1.0,2.0,4.0,0.0,0.0,0.0,1.0,0.0,43.52
EG,2021-11-15,Q79,Egypt,941.0,69.0,102334403,27.0,29.0,1.0,1.0,2.0,4.0,0.0,0.0,0.0,1.0,0.0,43.52
EG,2021-11-16,Q79,Egypt,960.0,71.0,102334403,27.0,29.0,1.0,1.0,2.0,4.0,0.0,0.0,0.0,1.0,0.0,43.52
EG,2021-11-17,Q79,Egypt,911.0,73.0,102334403,27.0,29.0,1.0,1.0,2.0,4.0,0.0,0.0,0.0,1.0,0.0,43.52
EG,2021-11-18,Q79,Egypt,892.0,31.0,102334403,27.0,29.0,1.0,1.0,2.0,4.0,0.0,0.0,0.0,1.0,0.0,43.52
EG,2021-11-19,Q79,Egypt,902.0,61.0,102334403,27.0,29.0,1.0,1.0,2.0,4.0,0.0,0.0,0.0,1.0,0.0,43.52
EG,2021-11-20,Q79,Egypt,884.0,61.0,102334403,27.0,29.0,1.0,1.0,2.0,4.0,0.0,0.0,0.0,1.0,0.0,43.52
EG,2021-11-21,Q79,Egypt,870.0,58.0,102334403,27.0,29.0,1.0,1.0,2.0,4.0,0.0,0.0,0.0,1.0,0.0,43.52
EG,2021-11-22,Q79,Egypt,856.0,61.0,102334403,27.0,29.0,1.0,1.0,2.0,4.0,0.0,0.0,0.0,1.0,0.0,43.52
EG,2021-11-23,Q79,Egypt,901.0,57.0,102334403,27.0,29.0,1.0,1.0,2.0,4.0,0.0,0.0,0.0,1.0,0.0,43.52
EG,2021-11-24,Q79,Egypt,899.0,63.0,102334403,27.0,29.0,1.0,1.0,2.0,4.0,0.0,0.0,0.0,1.0,0.0,43.52
EG,2021-11-25,Q79,Egypt,913.0,65.0,102334403,27.0,29.0,1.0,1.0,2.0,4.0,0.0,0.0,0.0,1.0,0.0,43.52
EG,2021-11-26,Q79,Egypt,931.0,68.0,102334403,27.0,29.0,1.0,1.0,2.0,4.0,0.0,0.0,0.0,1.0,0.0,43.52
EG,2021-11-27,Q79,Egypt,951.0,42.0,102334403,27.0,29.0,1.0,1.0,2.0,4.0,0.0,0.0,0.0,1.0,0.0,43.52
EG,2021-11-28,Q79,Egypt,911.0,65.0,102334403,27.0,29.0,1.0,1.0,2.0,4.0,0.0,0.0,0.0,1.0,0.0,43.52
EG,2021-11-29,Q79,Egypt,949.0,62.0,102334403,27.0,29.0,1.0,1.0,2.0,4.0,0.0,0.0,0.0,1.0,0.0,43.52
EG,2021-11-30,Q79,Egypt,938.0,63.0,102334403,27.0,29.0,1.0,1.0,2.0,4.0,0.0,0.0,0.0,1.0,0.0,43.52
EG,2021-12-01,Q79,Egypt,919.0,57.0,102334403,27.0,29.0,1.0,1.0,2.0,4.0,0.0,0.0,0.0,1.0,0.0,43.52
EG,2021-12-02,Q79,Egypt,933.0,49.0,102334403,27.0,29.0,1.0,1.0,2.0,4.0,0.0,0.0,0.0,1.0,0.0,43.52
EG,2021-12-03,Q79,Egypt,892.0,39.0,102334403,27.0,29.0,1.0,1.0,2.0,4.0,0.0,0.0,0.0,1.0,0.0,43.52
EG,2021-12-04,Q79,Egypt,902.0,45.0,102334403,27.0,29.0,1.0,1.0,2.0,4.0,0.0,0.0,0.0,1.0,0.0,43.52
EG,2021-12-05,Q79,Egypt,871.0,43.0,102334403,27.0,29.0,1.0,1.0,2.0,4.0,0.0,0.0,0.0,1.0,0.0,43.52
EG,2021-12-06,Q79,Egypt,889.0,51.0,102334403,27.0,29.0,1.0,1.0,2.0,4.0,0.0,0.0,0.0,1.0,0.0,43.52
EG,2021-12-07,Q79,Egypt,909.0,56.0,102334403,27.0,29.0,1.0,1.0,2.0,4.0,0.0,0.0,0.0,1.0,0.0,43.52
EG,2021-12-08,Q79,Egypt,803.0,42.0,102334403,27.0,29.0,1.0,1.0,2.0,4.0,0.0,0.0,0.0,1.0,0.0,43.52
EG,2021-12-09,Q79,Egypt,822.0,47.0,102334403,27.0,29.0,1.0,1.0,2.0,4.0,0.0,0.0,0.0,1.0,0.0,43.52
EG,2021-12-10,Q79,Egypt,879.0,49.0,102334403,27.0,29.0,1.0,1.0,2.0,4.0,0.0,0.0,0.0,1.0,0.0,43.52
EG,2021-12-11,Q79,Egypt,863.0,45.0,102334403,27.0,29.0,1.0,1.0,2.0,4.0,0.0,0.0,0.0,1.0,0.0,43.52
EG,2021-12-12,Q79,Egypt,799.0,44.0,102334403,27.0,29.0,1.0,1.0,2.0,4.0,0.0,0.0,0.0,1.0,0.0,43.52
EG,2021-12-13,Q79,Egypt,822.0,51.0,102334403,27.0,29.0,1.0,1.0,2.0,4.0,0.0,0.0,0.0,1.0,0.0,43.52
EG,2021-12-14,Q79,Egypt,879.0,48.0,102334403,27.0,29.0,1.0,1.0,2.0,4.0,0.0,0.0,0.0,1.0,0.0,43.52
EG,2021-12-15,Q79,Egypt,901.0,31.0,102334403,27.0,29.0,1.0,1.0,2.0,4.0,0.0,0.0,0.0,1.0,0.0,43.52
EG,2021-12-16,Q79,Egypt,910.0,43.0,102334403,27.0,29.0,1.0,1.0,2.0,4.0,0.0,0.0,0.0,1.0,0.0,43.52
EG,2021-12-17,Q79,Egypt,902.0,38.0,102334403,27.0,29.0,1.0,1.0,2.0,4.0,0.0,0.0,0.0,1.0,0.0,43.52
EG,2021-12-18,Q79,Egypt,919.0,46.0,102334403,27.0,29.0,1.0,1.0,2.0,4.0,0.0,0.0,0.0,1.0,0.0,43.52
EG,2021-12-19,Q79,Egypt,903.0,49.0,102334403,27.0,29.0,1.0,1.0,2.0,4.0,0.0,0.0,0.0,1.0,0.0,43.52
EG,2021-12-20,Q79,Egypt,848.0,47.0,102334403,27.0,29.0,1.0,1.0,2.0,4.0,0.0,0.0,0.0,1.0,0.0,43.52
EG,2021-12-21,Q79,Egypt,879.0,43.0,102334403,27.0,29.0,1.0,1.0,2.0,4.0,0.0,0.0,0.0,1.0,0.0,43.52
EG,2021-12-22,Q79,Egypt,883.0,10.0,102334403,27.0,29.0,1.0,1.0,2.0,4.0,0.0,0.0,0.0,1.0,0.0,43.52
EG,2021-12-23,Q79,Egypt,811.0,36.0,102334403,27.0,29.0,1.0,1.0,2.0,4.0,0.0,0.0,0.0,1.0,0.0,43.52
EG,2021-12-24,Q79,Egypt,866.0,25.0,102334403,27.0,29.0,1.0,1.0,2.0,4.0,0.0,0.0,0.0,1.0,0.0,43.52
EG,2021-12-25,Q79,Egypt,823.0,37.0,102334403,27.0,29.0,1.0,1.0,2.0,4.0,0.0,0.0,0.0,1.0,0.0,43.52
EG,2021-12-26,Q79,Egypt,851.0,31.0,102334403,27.0,29.0,1.0,1.0,2.0,4.0,0.0,0.0,0.0,1.0,0.0,43.52
EG,2021-12-27,Q79,Egypt,809.0,28.0,102334403,27.0,29.0,1.0,1.0,2.0,4.0,0.0,0.0,0.0,1.0,0.0,43.52
EG,2021-12-28,Q79,Egypt,854.0,28.0,102334403,27.0,29.0,1.0,1.0,2.0,4.0,0.0,0.0,0.0,1.0,0.0,43.52
EG,2021-12-29,Q79,Egypt,871.0,32.0,102334403,27.0,29.0,1.0,1.0,2.0,4.0,0.0,0.0,0.0,1.0,0.0,43.52
EG,2021-12-30,Q79,Egypt,847.0,25.0,102334403,27.0,29.0,1.0,1.0,2.0,4.0,0.0,0.0,0.0,1.0,0.0,43.52
EG,2021-12-31,Q79,Egypt,783.0,16.0,102334403,27.0,29.0,1.0,1.0,2.0,4.0,0.0,0.0,0.0,1.0,0.0,43.52
EG,2022-01-01,Q79,Egypt,801.0,29.0,102334403,27.0,29.0,1.0,1.0,2.0,4.0,0.0,0.0,0.0,1.0,0.0,43.52
EG,2022-01-02,Q79,Egypt,723.0,20.0,102334403,27.0,29.0,1.0,1.0,2.0,4.0,0.0,0.0,0.0,1.0,0.0,43.52
EG,2022-01-03,Q79,Egypt,769.0,19.0,102334403,27.0,29.0,1.0,1.0,2.0,4.0,0.0,0.0,0.0,1.0,0.0,43.52
EG,2022-01-04,Q79,Egypt,803.0,27.0,102334403,27.0,29.0,1.0,1.0,2.0,4.0,0.0,0.0,0.0,1.0,0.0,43.52
EG,2022-01-05,Q79,Egypt,840.0,19.0,102334403,27.0,29.0,1.0,1.0,2.0,4.0,0.0,0.0,0.0,1.0,0.0,43.52
EG,2022-01-06,Q79,Egypt,821.0,27.0,102334403,27.0,29.0,1.0,1.0,2.0,4.0,0.0,0.0,0.0,1.0,0.0,43.52
EG,2022-01-07,Q79,Egypt,830.0,29.0,102334403,27.0,29.0,1.0,1.0,2.0,4.0,0.0,0.0,0.0,1.0,0.0,43.52
EG,2022-01-08,Q79,Egypt,912.0,26.0,102334403,27.0,29.0,1.0,1.0,2.0,4.0,0.0,0.0,0.0,1.0,0.0,43.52
EG,2022-01-09,Q79,Egypt,951.0,31.0,102334403,27.0,29.0,1.0,1.0,2.0,4.0,0.0,0.0,0.0,1.0,0.0,43.52
EG,2022-01-10,Q79,Egypt,932.0,19.0,102334403,27.0,29.0,1.0,1.0,2.0,4.0,0.0,0.0,0.0,1.0,0.0,43.52
EG,2022-01-11,Q79,Egypt,948.0,28.0,102334403,27.0,29.0,1.0,1.0,2.0,4.0,0.0,0.0,0.0,1.0,0.0,43.52
EG,2022-01-12,Q79,Egypt,1011.0,21.0,102334403,27.0,29.0,1.0,1.0,2.0,4.0,0.0,0.0,0.0,1.0,0.0,43.52
EG,2022-01-13,Q79,Egypt,1079.0,34.0,102334403,27.0,29.0,1.0,1.0,2.0,4.0,0.0,0.0,0.0,1.0,0.0,43.52
EG,2022-01-14,Q79,Egypt,1101.0,26.0,102334403,27.0,29.0,1.0,1.0,2.0,4.0,0.0,0.0,0.0,1.0,0.0,43.52
EG,2022-01-15,Q79,Egypt,1197.0,25.0,102334403,27.0,29.0,1.0,1.0,2.0,4.0,0.0,0.0,0.0,1.0,0.0,43.52
EG,2022-01-16,Q79,Egypt,1232.0,31.0,102334403,27.0,29.0,1.0,1.0,2.0,4.0,0.0,0.0,0.0,1.0,0.0,43.52
EG,2022-01-17,Q79,Egypt,1303.0,26.0,102334403,27.0,29.0,1.0,1.0,2.0,4.0,0.0,0.0,0.0,1.0,0.0,43.52
EG,2022-01-18,Q79,Egypt,1379.0,33.0,102334403,27.0,29.0,1.0,1.0,2.0,4.0,0.0,0.0,0.0,1.0,0.0,43.52
EG,2022-01-19,Q79,Egypt,1403.0,22.0,102334403,27.0,29.0,1.0,1.0,2.0,4.0,0.0,0.0,0.0,1.0,0.0,43.52
EG,2022-01-20,Q79,Egypt,1533.0,29.0,102334403,27.0,29.0,1.0,1.0,2.0,4.0,0.0,0.0,0.0,1.0,0.0,43.52
EG,2022-01-21,Q79,Egypt,1569.0,41.0,102334403,27.0,29.0,1.0,1.0,2.0,4.0,0.0,0.0,0.0,1.0,0.0,43.52
EG,2022-01-22,Q79,Egypt,1603.0,38.0,102334403,27.0,29.0,1.0,1.0,2.0,4.0,0.0,0.0,0.0,1.0,0.0,43.52
EG,2022-01-23,Q79,Egypt,1651.0,28.0,102334403,27.0,29.0,1.0,1.0,2.0,4.0,0.0,0.0,0.0,1.0,0.0,43.52
EG,2022-01-24,Q79,Egypt,1809.0,35.0,102334403,27.0,29.0,1.0,1.0,2.0,4.0,0.0,0.0,0.0,1.0,0.0,43.52
EG,2022-01-25,Q79,Egypt,1910.0,29.0,102334403,27.0,29.0,1.0,1.0,2.0,4.0,0.0,0.0,0.0,1.0,0.0,43.52
EG,2022-01-26,Q79,Egypt,1985.0,36.0,102334403,27.0,29.0,1.0,1.0,2.0,4.0,0.0,0.0,0.0,1.0,0.0,43.52
EG,2022-01-27,Q79,Egypt,2007.0,26.0,102334403,27.0,29.0,1.0,1.0,2.0,4.0,0.0,0.0,0.0,1.0,0.0,43.52
EG,2022-01-28,Q79,Egypt,2018.0,44.0,102334403,27.0,29.0,1.0,1.0,2.0,4.0,0.0,0.0,0.0,1.0,0.0,43.52
EG,2022-01-29,Q79,Egypt,2210.0,38.0,102334403,27.0,29.0,1.0,1.0,2.0,4.0,0.0,0.0,0.0,1.0,0.0,43.52
EG,2022-01-30,Q79,Egypt,2223.0,31.0,102334403,27.0,29.0,1.0,1.0,2.0,4.0,0.0,0.0,0.0,1.0,0.0,43.52
EG,2022-01-31,Q79,Egypt,2291.0,48.0,102334403,27.0,29.0,1.0,1.0,2.0,4.0,0.0,0.0,0.0,1.0,0.0,43.52
EG,2022-02-01,Q79,Egypt,2278.0,52.0,102334403,27.0,29.0,1.0,1.0,2.0,4.0,0.0,0.0,0.0,1.0,0.0,43.52
EG,2022-02-02,Q79,Egypt,2281.0,45.0,102334403,27.0,29.0,1.0,1.0,2.0,4.0,0.0,0.0,0.0,1.0,0.0,43.52
EG,2022-02-03,Q79,Egypt,2291.0,39.0,102334403,27.0,29.0,1.0,1.0,2.0,4.0,0.0,0.0,0.0,1.0,0.0,43.52
EG,2022-02-04,Q79,Egypt,2298.0,58.0,102334403,27.0,29.0,1.0,1.0,2.0,4.0,0.0,0.0,0.0,1.0,0.0,43.52
EG,2022-02-05,Q79,Egypt,2301.0,59.0,102334403,27.0,29.0,1.0,1.0,2.0,4.0,0.0,0.0,0.0,1.0,0.0,43.52
EG,2022-02-06,Q79,Egypt,2272.0,57.0,102334403,27.0,29.0,1.0,1.0,2.0,4.0,0.0,0.0,0.0,1.0,0.0,43.52
EG,2022-02-07,Q79,Egypt,2194.0,60.0,102334403,27.0,29.0,1.0,1.0,2.0,4.0,0.0,0.0,0.0,1.0,0.0,43.52
EG,2022-02-08,Q79,Egypt,2191.0,57.0,102334403,27.0,29.0,1.0,1.0,2.0,4.0,0.0,0.0,0.0,1.0,0.0,43.52
EG,2022-02-09,Q79,Egypt,2189.0,62.0,102334403,27.0,29.0,1.0,1.0,2.0,4.0,0.0,0.0,0.0,1.0,0.0,43.52
EG,2022-02-10,Q79,Egypt,2179.0,61.0,102334403,27.0,29.0,1.0,1.0,2.0,4.0,0.0,0.0,0.0,1.0,0.0,43.52
EG,2022-02-11,Q79,Egypt,2145.0,59.0,102334403,27.0,29.0,1.0,1.0,2.0,4.0,0.0,0.0,0.0,1.0,0.0,43.52
EG,2022-02-12,Q79,Egypt,2131.0,57.0,102334403,27.0,29.0,1.0,1.0,2.0,4.0,0.0,0.0,0.0,1.0,0.0,43.52
EG,2022-02-13,Q79,Egypt,2129.0,60.0,102334403,27.0,29.0,1.0,1.0,2.0,4.0,0.0,0.0,0.0,1.0,0.0,43.52
EG,2022-02-14,Q79,Egypt,2117.0,56.0,102334403,27.0,29.0,1.0,1.0,2.0,4.0,0.0,0.0,0.0,1.0,0.0,43.52
EG,2022-02-15,Q79,Egypt,2101.0,54.0,102334403,27.0,29.0,1.0,1.0,2.0,4.0,0.0,0.0,0.0,1.0,0.0,43.52
EG,2022-02-16,Q79,Egypt,2071.0,61.0,102334403,27.0,29.0,1.0,1.0,2.0,4.0,0.0,0.0,0.0,1.0,0.0,43.52
EG,2022-02-17,Q79,Egypt,2053.0,52.0,102334403,27.0,29.0,1.0,1.0,2.0,4.0,0.0,0.0,0.0,1.0,0.0,43.52
EG,2022-02-18,Q79,Egypt,2025.0,62.0,102334403,27.0,29.0,1.0,1.0,2.0,4.0,0.0,0.0,0.0,1.0,0.0,43.52
EG,2022-02-19,Q79,Egypt,2009.0,58.0,102334403,27.0,29.0,1.0,1.0,2.0,4.0,0.0,0.0,0.0,1.0,0.0,43.52
EG,2022-02-20,Q79,Egypt,2003.0,54.0,102334403,27.0,29.0,1.0,1.0,2.0,4.0,0.0,0.0,0.0,1.0,0.0,43.52
EG,2022-02-21,Q79,Egypt,1989.0,51.0,102334403,27.0,29.0,1.0,1.0,2.0,4.0,0.0,0.0,0.0,1.0,0.0,43.52
EG,2022-02-22,Q79,Egypt,1892.0,32.0,102334403,27.0,29.0,1.0,1.0,2.0,4.0,0.0,0.0,0.0,1.0,0.0,43.52
EG,2022-02-23,Q79,Egypt,1832.0,38.0,102334403,27.0,29.0,1.0,1.0,2.0,4.0,0.0,0.0,0.0,1.0,0.0,43.52
EG,2022-02-24,Q79,Egypt,1811.0,30.0,102334403,27.0,29.0,1.0,1.0,2.0,4.0,0.0,0.0,0.0,1.0,0.0,43.52
EG,2022-02-25,Q79,Egypt,1743.0,35.0,102334403,27.0,29.0,1.0,1.0,2.0,4.0,0.0,0.0,0.0,1.0,0.0,43.52
EG,2022-02-26,Q79,Egypt,1521.0,48.0,102334403,27.0,29.0,1.0,1.0,2.0,4.0,0.0,0.0,0.0,1.0,0.0,43.52
EG,2022-02-27,Q79,Egypt,1523.0,34.0,102334403,27.0,29.0,1.0,1.0,2.0,4.0,0.0,0.0,0.0,1.0,0.0,43.52
EG,2022-02-28,Q79,Egypt,1322.0,36.0,102334403,27.0,29.0,1.0,1.0,2.0,4.0,0.0,0.0,0.0,1.0,0.0,43.52
EG,2022-03-01,Q79,Egypt,1288.0,22.0,102334403,27.0,29.0,1.0,1.0,2.0,4.0,0.0,0.0,0.0,1.0,0.0,43.52
EG,2022-03-02,Q79,Egypt,1261.0,17.0,102334403,27.0,29.0,1.0,1.0,2.0,4.0,0.0,0.0,0.0,1.0,0.0,43.52
EG,2022-03-03,Q79,Egypt,1121.0,13.0,102334403,27.0,29.0,1.0,1.0,2.0,4.0,0.0,0.0,0.0,1.0,0.0,43.52
EG,2022-03-04,Q79,Egypt,1113.0,10.0,102334403,27.0,29.0,1.0,1.0,2.0,4.0,0.0,0.0,0.0,1.0,0.0,43.52
EG,2022-03-05,Q79,Egypt,1093.0,25.0,102334403,27.0,29.0,1.0,1.0,2.0,4.0,0.0,0.0,0.0,1.0,0.0,43.52
EG,2022-03-06,Q79,Egypt,923.0,25.0,102334403,27.0,29.0,1.0,1.0,2.0,4.0,0.0,0.0,0.0,1.0,0.0,43.52
EG,2022-03-07,Q79,Egypt,882.0,22.0,102334403,27.0,29.0,1.0,1.0,2.0,4.0,0.0,0.0,0.0,1.0,0.0,43.52
EG,2022-03-08,Q79,Egypt,884.0,13.0,102334403,27.0,29.0,1.0,1.0,2.0,4.0,0.0,0.0,0.0,1.0,0.0,43.52
EG,2022-03-09,Q79,Egypt,861.0,12.0,102334403,27.0,29.0,1.0,1.0,2.0,4.0,0.0,0.0,0.0,1.0,0.0,43.52
EG,2022-03-10,Q79,Egypt,854.0,8.0,102334403,27.0,29.0,1.0,1.0,2.0,4.0,0.0,0.0,0.0,1.0,0.0,43.52
EG,2022-03-11,Q79,Egypt,0.0,0.0,102334403,27.0,29.0,1.0,1.0,2.0,4.0,0.0,0.0,0.0,1.0,0.0,43.52
EG,2022-03-12,Q79,Egypt,0.0,0.0,102334403,27.0,29.0,1.0,1.0,2.0,4.0,0.0,0.0,0.0,1.0,0.0,43.52
EG,2022-03-13,Q79,Egypt,0.0,0.0,102334403,27.0,29.0,1.0,1.0,2.0,4.0,0.0,0.0,0.0,1.0,0.0,43.52
EG,2022-03-14,Q79,Egypt,0.0,0.0,102334403,27.0,29.0,1.0,1.0,2.0,4.0,0.0,0.0,0.0,1.0,0.0,43.52
EG,2022-03-15,Q79,Egypt,0.0,0.0,102334403,27.0,29.0,1.0,1.0,2.0,4.0,0.0,0.0,0.0,1.0,0.0,43.52
EG,2022-03-16,Q79,Egypt,0.0,0.0,102334403,27.0,29.0,1.0,1.0,2.0,4.0,0.0,0.0,0.0,1.0,0.0,43.52
EG,2022-03-17,Q79,Egypt,0.0,0.0,102334403,27.0,29.0,1.0,1.0,2.0,4.0,0.0,0.0,0.0,1.0,0.0,43.52
EG,2022-03-18,Q79,Egypt,0.0,0.0,102334403,27.0,29.0,1.0,1.0,2.0,4.0,0.0,0.0,0.0,1.0,0.0,43.52
EG,2022-03-19,Q79,Egypt,5516.0,84.0,102334403,27.0,29.0,1.0,1.0,2.0,4.0,0.0,0.0,0.0,1.0,0.0,43.52
EG,2022-03-20,Q79,Egypt,0.0,0.0,102334403,27.0,29.0,1.0,1.0,2.0,4.0,0.0,0.0,0.0,1.0,0.0,43.52
EG,2022-03-21,Q79,Egypt,0.0,0.0,102334403,27.0,29.0,1.0,1.0,2.0,4.0,0.0,0.0,0.0,1.0,0.0,43.52
EG,2022-03-22,Q79,Egypt,0.0,0.0,102334403,27.0,29.0,1.0,1.0,2.0,4.0,0.0,0.0,0.0,1.0,0.0,43.52
EG,2022-03-23,Q79,Egypt,0.0,0.0,102334403,27.0,29.0,1.0,1.0,2.0,4.0,0.0,0.0,0.0,1.0,0.0,43.52
EG,2022-03-24,Q79,Egypt,0.0,0.0,102334403,27.0,29.0,1.0,1.0,2.0,4.0,0.0,0.0,0.0,1.0,0.0,43.52
EG,2022-03-25,Q79,Egypt,0.0,0.0,102334403,27.0,29.0,1.0,1.0,2.0,4.0,0.0,0.0,0.0,1.0,0.0,43.52
EG,2022-03-26,Q79,Egypt,4375.0,56.0,102334403,27.0,29.0,1.0,1.0,2.0,4.0,0.0,0.0,0.0,1.0,0.0,43.52
EG,2022-03-27,Q79,Egypt,0.0,0.0,102334403,27.0,29.0,1.0,1.0,2.0,4.0,0.0,0.0,0.0,1.0,0.0,43.52
EG,2022-03-28,Q79,Egypt,0.0,0.0,102334403,27.0,29.0,1.0,1.0,2.0,4.0,0.0,0.0,0.0,1.0,0.0,43.52
EG,2022-03-29,Q79,Egypt,0.0,0.0,102334403,27.0,29.0,1.0,1.0,2.0,4.0,0.0,0.0,0.0,1.0,0.0,43.52
EG,2022-03-30,Q79,Egypt,0.0,0.0,102334403,27.0,29.0,1.0,1.0,2.0,4.0,0.0,0.0,0.0,1.0,0.0,43.52
EG,2022-03-31,Q79,Egypt,0.0,0.0,102334403,27.0,29.0,1.0,1.0,2.0,4.0,0.0,0.0,0.0,1.0,0.0,43.52
EG,2022-04-01,Q79,Egypt,0.0,0.0,102334403,27.0,29.0,1.0,1.0,2.0,4.0,0.0,0.0,0.0,1.0,0.0,43.52
EG,2022-04-02,Q79,Egypt,3913.0,56.0,102334403,27.0,29.0,1.0,1.0,2.0,4.0,0.0,0.0,0.0,1.0,0.0,43.52
EG,2022-04-03,Q79,Egypt,0.0,0.0,102334403,27.0,29.0,1.0,1.0,2.0,4.0,0.0,0.0,0.0,1.0,0.0,43.52
EG,2022-04-04,Q79,Egypt,0.0,0.0,102334403,27.0,29.0,1.0,1.0,2.0,4.0,0.0,0.0,0.0,1.0,0.0,43.52
EG,2022-04-05,Q79,Egypt,0.0,0.0,102334403,27.0,29.0,1.0,1.0,2.0,4.0,0.0,0.0,0.0,1.0,0.0,43.52
EG,2022-04-06,Q79,Egypt,0.0,0.0,102334403,27.0,29.0,1.0,1.0,2.0,4.0,0.0,0.0,0.0,1.0,0.0,43.52
EG,2022-04-07,Q79,Egypt,0.0,0.0,102334403,27.0,29.0,1.0,1.0,2.0,4.0,0.0,0.0,0.0,1.0,0.0,43.52
EG,2022-04-08,Q79,Egypt,0.0,0.0,102334403,27.0,29.0,1.0,1.0,2.0,4.0,0.0,0.0,0.0,1.0,0.0,43.52
EG,2022-04-09,Q79,Egypt,2800.0,49.0,102334403,27.0,29.0,1.0,1.0,2.0,4.0,0.0,0.0,0.0,1.0,0.0,43.52
EG,2022-04-10,Q79,Egypt,0.0,0.0,102334403,27.0,29.0,1.0,1.0,2.0,4.0,0.0,0.0,0.0,1.0,0.0,43.52
EG,2022-04-11,Q79,Egypt,0.0,0.0,102334403,27.0,29.0,1.0,1.0,2.0,4.0,0.0,0.0,0.0,1.0,0.0,43.52
EG,2022-04-12,Q79,Egypt,0.0,0.0,102334403,27.0,29.0,1.0,1.0,2.0,4.0,0.0,0.0,0.0,1.0,0.0,43.52
EG,2022-04-13,Q79,Egypt,0.0,0.0,102334403,27.0,29.0,1.0,1.0,2.0,4.0,0.0,0.0,0.0,1.0,0.0,43.52
EG,2022-04-14,Q79,Egypt,0.0,0.0,102334403,27.0,29.0,1.0,1.0,2.0,4.0,0.0,0.0,0.0,1.0,0.0,43.52
EG,2022-04-15,Q79,Egypt,0.0,0.0,102334403,27.0,29.0,1.0,1.0,2.0,4.0,0.0,0.0,0.0,1.0,0.0,43.52
EG,2022-04-16,Q79,Egypt,0.0,0.0,102334403,27.0,29.0,1.0,1.0,2.0,4.0,0.0,0.0,0.0,1.0,0.0,43.52
EG,2022-04-17,Q79,Egypt,868.0,42.0,102334403,27.0,29.0,1.0,1.0,2.0,4.0,0.0,0.0,0.0,1.0,0.0,43.52
EG,2022-04-18,Q79,Egypt,0.0,0.0,102334403,27.0,29.0,1.0,1.0,2.0,4.0,0.0,0.0,0.0,1.0,0.0,43.52
EG,2022-04-19,Q79,Egypt,0.0,0.0,102334403,27.0,29.0,1.0,1.0,2.0,4.0,0.0,0.0,0.0,1.0,0.0,43.52
EG,2022-04-20,Q79,Egypt,0.0,0.0,102334403,27.0,29.0,1.0,1.0,2.0,4.0,0.0,0.0,0.0,1.0,0.0,43.52
EG,2022-04-21,Q79,Egypt,0.0,0.0,102334403,27.0,29.0,1.0,1.0,2.0,4.0,0.0,0.0,0.0,1.0,0.0,43.52
EG,2022-04-22,Q79,Egypt,0.0,0.0,102334403,27.0,29.0,1.0,1.0,2.0,4.0,0.0,0.0,0.0,1.0,0.0,43.52
EG,2022-04-23,Q79,Egypt,0.0,0.0,102334403,27.0,29.0,1.0,1.0,2.0,4.0,0.0,0.0,0.0,1.0,0.0,43.52
EG,2022-04-24,Q79,Egypt,623.0,42.0,102334403,27.0,29.0,1.0,1.0,2.0,4.0,0.0,0.0,0.0,1.0,0.0,43.52
EG,2022-04-25,Q79,Egypt,0.0,0.0,102334403,27.0,29.0,1.0,1.0,2.0,4.0,0.0,0.0,0.0,1.0,0.0,43.52
EG,2022-04-26,Q79,Egypt,0.0,0.0,102334403,27.0,29.0,1.0,1.0,2.0,4.0,0.0,0.0,0.0,1.0,0.0,43.52
EG,2022-04-27,Q79,Egypt,0.0,0.0,102334403,27.0,29.0,1.0,1.0,2.0,4.0,0.0,0.0,0.0,1.0,0.0,43.52
EG,2022-04-28,Q79,Egypt,0.0,0.0,102334403,27.0,29.0,1.0,1.0,2.0,4.0,0.0,0.0,0.0,1.0,0.0,43.52
EG,2022-04-29,Q79,Egypt,0.0,0.0,102334403,27.0,29.0,1.0,1.0,2.0,4.0,0.0,0.0,0.0,1.0,0.0,43.52
EG,2022-04-30,Q79,Egypt,322.0,35.0,102334403,27.0,29.0,1.0,1.0,2.0,4.0,0.0,0.0,0.0,1.0,0.0,43.52
EG,2022-05-01,Q79,Egypt,0.0,0.0,102334403,27.0,29.0,1.0,1.0,2.0,4.0,0.0,0.0,0.0,1.0,0.0,43.52
EG,2022-05-02,Q79,Egypt,0.0,0.0,102334403,27.0,29.0,1.0,1.0,2.0,4.0,0.0,0.0,0.0,1.0,0.0,43.52
EG,2022-05-03,Q79,Egypt,0.0,0.0,102334403,27.0,29.0,1.0,1.0,2.0,3.0,0.0,0.0,0.0,1.0,0.0,40.74
EG,2022-05-04,Q79,Egypt,0.0,0.0,102334403,27.0,29.0,1.0,1.0,2.0,3.0,0.0,0.0,0.0,1.0,0.0,40.74
EG,2022-05-05,Q79,Egypt,0.0,0.0,102334403,27.0,29.0,1.0,1.0,2.0,3.0,0.0,0.0,0.0,1.0,0.0,40.74
EG,2022-05-06,Q79,Egypt,0.0,0.0,102334403,27.0,29.0,1.0,1.0,2.0,3.0,0.0,0.0,0.0,1.0,0.0,40.74
EG,2022-05-07,Q79,Egypt,56.0,28.0,102334403,27.0,29.0,1.0,1.0,2.0,3.0,0.0,0.0,0.0,1.0,0.0,40.74
EG,2022-05-08,Q79,Egypt,0.0,0.0,102334403,27.0,29.0,1.0,1.0,2.0,3.0,0.0,0.0,0.0,1.0,0.0,40.74
EG,2022-05-09,Q79,Egypt,0.0,0.0,102334403,27.0,29.0,1.0,1.0,2.0,3.0,0.0,0.0,0.0,1.0,0.0,40.74
EG,2022-05-10,Q79,Egypt,0.0,0.0,102334403,27.0,29.0,1.0,1.0,2.0,3.0,0.0,0.0,0.0,1.0,0.0,40.74
EG,2022-05-11,Q79,Egypt,0.0,0.0,102334403,27.0,29.0,1.0,1.0,2.0,3.0,0.0,0.0,0.0,1.0,0.0,40.74
EG,2022-05-12,Q79,Egypt,0.0,0.0,102334403,27.0,29.0,1.0,1.0,2.0,3.0,0.0,0.0,0.0,1.0,0.0,40.74
EG,2022-05-13,Q79,Egypt,0.0,0.0,102334403,27.0,29.0,1.0,1.0,2.0,3.0,0.0,0.0,0.0,1.0,0.0,40.74
EG,2022-05-14,Q79,Egypt,35.0,21.0,102334403,27.0,29.0,1.0,1.0,2.0,3.0,0.0,0.0,0.0,1.0,0.0,40.74
EG,2022-05-15,Q79,Egypt,0.0,0.0,102334403,27.0,29.0,1.0,1.0,2.0,3.0,0.0,0.0,0.0,1.0,0.0,40.74
EG,2022-05-16,Q79,Egypt,0.0,0.0,102334403,27.0,29.0,1.0,1.0,2.0,3.0,0.0,0.0,0.0,1.0,0.0,40.74
EG,2022-05-17,Q79,Egypt,0.0,0.0,102334403,27.0,29.0,1.0,1.0,2.0,3.0,0.0,0.0,0.0,1.0,0.0,40.74
EG,2022-05-18,Q79,Egypt,0.0,0.0,102334403,27.0,29.0,1.0,1.0,2.0,3.0,0.0,0.0,0.0,1.0,0.0,40.74
EG,2022-05-19,Q79,Egypt,0.0,0.0,102334403,27.0,29.0,1.0,1.0,2.0,3.0,0.0,0.0,0.0,1.0,0.0,40.74
EG,2022-05-20,Q79,Egypt,0.0,0.0,102334403,27.0,29.0,1.0,1.0,2.0,3.0,0.0,0.0,0.0,1.0,0.0,40.74
EG,2022-05-21,Q79,Egypt,35.0,14.0,102334403,27.0,29.0,1.0,1.0,2.0,3.0,0.0,0.0,0.0,1.0,0.0,40.74
EG,2022-05-22,Q79,Egypt,0.0,0.0,102334403,27.0,29.0,1.0,1.0,2.0,3.0,0.0,0.0,0.0,1.0,0.0,40.74
EG,2022-05-23,Q79,Egypt,0.0,0.0,102334403,27.0,29.0,1.0,1.0,2.0,3.0,0.0,0.0,0.0,1.0,0.0,40.74
EG,2022-05-24,Q79,Egypt,0.0,0.0,102334403,27.0,29.0,1.0,1.0,2.0,3.0,0.0,0.0,0.0,1.0,0.0,40.74
EG,2022-05-25,Q79,Egypt,0.0,0.0,102334403,27.0,29.0,1.0,1.0,2.0,3.0,0.0,0.0,0.0,1.0,0.0,40.74
EG,2022-05-26,Q79,Egypt,0.0,0.0,102334403,27.0,29.0,1.0,1.0,2.0,3.0,0.0,0.0,0.0,1.0,0.0,40.74
EG,2022-05-27,Q79,Egypt,0.0,0.0,102334403,27.0,29.0,1.0,1.0,2.0,3.0,0.0,0.0,0.0,1.0,0.0,40.74
EG,2022-05-28,Q79,Egypt,28.0,14.0,102334403,27.0,29.0,1.0,1.0,2.0,3.0,0.0,0.0,0.0,1.0,0.0,40.74
EG,2022-05-29,Q79,Egypt,0.0,0.0,102334403,27.0,29.0,1.0,1.0,2.0,3.0,0.0,0.0,0.0,1.0,0.0,40.74
EG,2022-05-30,Q79,Egypt,0.0,0.0,102334403,27.0,29.0,1.0,1.0,2.0,3.0,0.0,0.0,0.0,1.0,0.0,40.74
EG,2022-05-31,Q79,Egypt,0.0,0.0,102334403,27.0,29.0,1.0,1.0,2.0,3.0,0.0,0.0,0.0,1.0,0.0,40.74
EG,2022-06-01,Q79,Egypt,0.0,0.0,102334403,27.0,29.0,1.0,1.0,2.0,3.0,0.0,0.0,0.0,1.0,0.0,40.74
EG,2022-06-02,Q79,Egypt,0.0,0.0,102334403,27.0,29.0,1.0,1.0,2.0,3.0,0.0,0.0,0.0,1.0,0.0,40.74
EG,2022-06-03,Q79,Egypt,0.0,0.0,102334403,27.0,29.0,1.0,1.0,2.0,3.0,0.0,0.0,0.0,1.0,0.0,40.74
EG,2022-06-04,Q79,Egypt,31.0,1.0,102334403,27.0,29.0,1.0,1.0,2.0,3.0,0.0,0.0,0.0,1.0,0.0,40.74
EG,2022-06-05,Q79,Egypt,0.0,0.0,102334403,27.0,29.0,1.0,1.0,2.0,3.0,0.0,0.0,0.0,1.0,0.0,40.74
EG,2022-06-06,Q79,Egypt,0.0,0.0,102334403,27.0,29.0,1.0,1.0,2.0,3.0,0.0,0.0,0.0,1.0,0.0,40.74
EG,2022-06-07,Q79,Egypt,0.0,0.0,102334403,27.0,29.0,1.0,1.0,2.0,3.0,0.0,0.0,0.0,1.0,0.0,40.74
EG,2022-06-08,Q79,Egypt,0.0,0.0,102334403,27.0,29.0,1.0,1.0,2.0,3.0,0.0,0.0,0.0,1.0,0.0,40.74
EG,2022-06-09,Q79,Egypt,0.0,0.0,102334403,27.0,29.0,1.0,1.0,2.0,3.0,0.0,0.0,0.0,1.0,0.0,40.74
EG,2022-06-10,Q79,Egypt,0.0,0.0,102334403,27.0,29.0,1.0,1.0,2.0,3.0,0.0,0.0,0.0,1.0,0.0,40.74
EG,2022-06-11,Q79,Egypt,33.0,1.0,102334403,27.0,29.0,1.0,1.0,2.0,3.0,0.0,0.0,0.0,1.0,0.0,40.74
EG,2022-06-12,Q79,Egypt,0.0,0.0,102334403,27.0,29.0,1.0,1.0,2.0,3.0,0.0,0.0,0.0,1.0,0.0,40.74
EG,2022-06-13,Q79,Egypt,0.0,0.0,102334403,27.0,29.0,1.0,1.0,2.0,3.0,0.0,0.0,0.0,1.0,0.0,40.74
EG,2022-06-14,Q79,Egypt,0.0,0.0,102334403,27.0,29.0,1.0,1.0,2.0,3.0,0.0,0.0,0.0,1.0,0.0,40.74
EG,2022-06-15,Q79,Egypt,0.0,0.0,102334403,27.0,29.0,1.0,1.0,2.0,3.0,0.0,0.0,0.0,1.0,0.0,40.74
EG,2022-06-16,Q79,Egypt,0.0,0.0,102334403,27.0,29.0,1.0,1.0,2.0,3.0,0.0,0.0,0.0,1.0,0.0,40.74
EG,2022-06-17,Q79,Egypt,0.0,0.0,102334403,27.0,29.0,1.0,1.0,2.0,3.0,0.0,0.0,0.0,0.0,0.0,37.96
EG,2022-06-18,Q79,Egypt,39.0,2.0,102334403,27.0,29.0,1.0,1.0,2.0,3.0,0.0,0.0,0.0,0.0,0.0,37.96
EG,2022-06-19,Q79,Egypt,0.0,0.0,102334403,27.0,29.0,1.0,1.0,2.0,3.0,0.0,0.0,0.0,0.0,0.0,37.96
EG,2022-06-20,Q79,Egypt,0.0,0.0,102334403,27.0,29.0,1.0,1.0,2.0,3.0,0.0,0.0,0.0,0.0,0.0,37.96
EG,2022-06-21,Q79,Egypt,0.0,0.0,102334403,27.0,29.0,1.0,1.0,2.0,3.0,0.0,0.0,0.0,0.0,0.0,37.96
EG,2022-06-22,Q79,Egypt,0.0,0.0,102334403,27.0,29.0,1.0,1.0,2.0,3.0,0.0,0.0,0.0,0.0,0.0,37.96
EG,2022-06-23,Q79,Egypt,0.0,0.0,102334403,27.0,29.0,1.0,1.0,2.0,3.0,0.0,0.0,0.0,0.0,0.0,37.96
EG,2022-06-24,Q79,Egypt,0.0,0.0,102334403,27.0,29.0,1.0,1.0,2.0,3.0,0.0,0.0,0.0,0.0,0.0,37.96
EG,2022-06-25,Q79,Egypt,41.0,1.0,102334403,27.0,29.0,1.0,1.0,2.0,3.0,0.0,0.0,0.0,0.0,0.0,37.96
EG,2022-06-26,Q79,Egypt,0.0,0.0,102334403,27.0,29.0,1.0,1.0,2.0,3.0,0.0,0.0,0.0,0.0,0.0,37.96
EG,2022-06-27,Q79,Egypt,0.0,0.0,102334403,27.0,29.0,1.0,1.0,2.0,3.0,0.0,0.0,0.0,0.0,0.0,37.96
EG,2022-06-28,Q79,Egypt,0.0,0.0,102334403,27.0,29.0,1.0,1.0,2.0,3.0,0.0,0.0,0.0,0.0,0.0,37.96
EG,2022-06-29,Q79,Egypt,0.0,0.0,102334403,27.0,29.0,1.0,1.0,2.0,3.0,0.0,0.0,0.0,0.0,0.0,37.96
EG,2022-06-30,Q79,Egypt,0.0,0.0,102334403,27.0,29.0,1.0,1.0,2.0,3.0,0.0,0.0,0.0,0.0,0.0,37.96
EG,2022-07-01,Q79,Egypt,0.0,0.0,102334403,27.0,29.0,1.0,1.0,2.0,3.0,0.0,0.0,0.0,0.0,0.0,37.96
EG,2022-07-02,Q79,Egypt,0.0,0.0,102334403,27.0,29.0,1.0,1.0,2.0,3.0,0.0,0.0,0.0,0.0,0.0,37.96
EG,2022-07-03,Q79,Egypt,45.0,1.0,102334403,27.0,29.0,1.0,1.0,2.0,3.0,0.0,0.0,0.0,0.0,0.0,37.96
EG,2022-07-04,Q79,Egypt,0.0,0.0,102334403,27.0,29.0,1.0,1.0,2.0,3.0,0.0,0.0,0.0,0.0,0.0,37.96
EG,2022-07-05,Q79,Egypt,0.0,0.0,102334403,27.0,29.0,1.0,1.0,2.0,3.0,0.0,0.0,0.0,0.0,0.0,37.96
EG,2022-07-06,Q79,Egypt,0.0,0.0,102334403,27.0,29.0,1.0,1.0,2.0,3.0,0.0,0.0,0.0,0.0,0.0,37.96
EG,2022-07-07,Q79,Egypt,0.0,0.0,102334403,27.0,29.0,1.0,1.0,2.0,3.0,0.0,0.0,0.0,0.0,0.0,37.96
EG,2022-07-08,Q79,Egypt,0.0,0.0,102334403,27.0,29.0,1.0,1.0,2.0,3.0,0.0,0.0,0.0,0.0,0.0,37.96
EG,2022-07-09,Q79,Egypt,49.0,1.0,102334403,27.0,29.0,1.0,1.0,2.0,3.0,0.0,0.0,0.0,0.0,0.0,37.96
EG,2022-07-10,Q79,Egypt,0.0,0.0,102334403,27.0,29.0,1.0,1.0,2.0,3.0,0.0,0.0,0.0,0.0,0.0,37.96
EG,2022-07-11,Q79,Egypt,0.0,0.0,102334403,27.0,29.0,1.0,1.0,2.0,3.0,0.0,0.0,0.0,0.0,0.0,37.96
EG,2022-07-12,Q79,Egypt,0.0,0.0,102334403,27.0,29.0,1.0,1.0,2.0,3.0,0.0,0.0,0.0,0.0,0.0,37.96
EG,2022-07-13,Q79,Egypt,0.0,0.0,102334403,27.0,29.0,1.0,1.0,2.0,3.0,0.0,0.0,0.0,0.0,0.0,37.96
EG,2022-07-14,Q79,Egypt,0.0,0.0,102334403,27.0,29.0,1.0,1.0,2.0,3.0,0.0,0.0,0.0,0.0,0.0,37.96
EG,2022-07-15,Q79,Egypt,0.0,0.0,102334403,27.0,29.0,1.0,1.0,2.0,3.0,0.0,0.0,0.0,0.0,0.0,37.96
EG,2022-07-16,Q79,Egypt,231.0,25.0,102334403,27.0,29.0,1.0,1.0,2.0,3.0,0.0,0.0,0.0,0.0,0.0,37.96
EG,2022-07-17,Q79,Egypt,0.0,0.0,102334403,27.0,29.0,1.0,1.0,2.0,3.0,0.0,0.0,0.0,0.0,0.0,37.96
EG,2022-07-18,Q79,Egypt,0.0,0.0,102334403,27.0,29.0,1.0,1.0,2.0,3.0,0.0,0.0,0.0,0.0,0.0,37.96
EG,2022-07-19,Q79,Egypt,0.0,0.0,102334403,27.0,29.0,1.0,1.0,2.0,3.0,0.0,0.0,0.0,0.0,0.0,37.96
EG,2022-07-20,Q79,Egypt,0.0,0.0,102334403,27.0,29.0,1.0,1.0,2.0,3.0,0.0,0.0,0.0,0.0,0.0,37.96
EG,2022-07-21,Q79,Egypt,0.0,0.0,102334403,27.0,29.0,1.0,1.0,2.0,3.0,0.0,0.0,0.0,0.0,0.0,37.96
EG,2022-07-22,Q79,Egypt,0.0,0.0,102334403,27.0,29.0,1.0,1.0,2.0,3.0,0.0,0.0,0.0,0.0,0.0,37.96
EG,2022-07-23,Q79,Egypt,246.0,15.0,102334403,27.0,29.0,1.0,1.0,2.0,3.0,0.0,0.0,0.0,0.0,0.0,37.96
EG,2022-07-24,Q79,Egypt,0.0,0.0,102334403,27.0,29.0,1.0,1.0,2.0,3.0,0.0,0.0,0.0,0.0,0.0,37.96
EG,2022-07-25,Q79,Egypt,0.0,0.0,102334403,27.0,29.0,,,,,,,,,,
EG,2022-07-26,Q79,Egypt,0.0,0.0,102334403,27.0,29.0,,,,,,,,,,
EG,2022-07-27,Q79,Egypt,0.0,0.0,102334403,27.0,29.0,,,,,,,,,,
EG,2022-07-28,Q79,Egypt,0.0,0.0,102334403,27.0,29.0,,,,,,,,,,
EG,2022-07-29,Q79,Egypt,0.0,0.0,102334403,27.0,29.0,,,,,,,,,,
EG,2022-07-30,Q79,Egypt,232.0,10.0,102334403,27.0,29.0,,,,,,,,,,
EG,2022-07-31,Q79,Egypt,0.0,0.0,102334403,27.0,29.0,,,,,,,,,,
EG,2022-08-01,Q79,Egypt,0.0,0.0,102334403,27.0,29.0,,,,,,,,,,
EG,2022-08-02,Q79,Egypt,0.0,0.0,102334403,27.0,29.0,,,,,,,,,,
EG,2022-08-03,Q79,Egypt,0.0,0.0,102334403,27.0,29.0,,,,,,,,,,
EG,2022-08-04,Q79,Egypt,0.0,0.0,102334403,27.0,29.0,,,,,,,,,,
EG,2022-08-05,Q79,Egypt,0.0,0.0,102334403,27.0,29.0,,,,,,,,,,
EG,2022-08-06,Q79,Egypt,191.0,6.0,102334403,27.0,29.0,,,,,,,,,,
EG,2022-08-07,Q79,Egypt,0.0,0.0,102334403,27.0,29.0,,,,,,,,,,
EG,2022-08-08,Q79,Egypt,0.0,0.0,102334403,27.0,29.0,,,,,,,,,,
EG,2022-08-09,Q79,Egypt,0.0,0.0,102334403,27.0,29.0,,,,,,,,,,
EG,2022-08-10,Q79,Egypt,0.0,0.0,102334403,27.0,29.0,,,,,,,,,,
EG,2022-08-11,Q79,Egypt,0.0,0.0,102334403,27.0,29.0,,,,,,,,,,
EG,2022-08-12,Q79,Egypt,0.0,0.0,102334403,27.0,29.0,,,,,,,,,,
EG,2022-08-13,Q79,Egypt,116.0,5.0,102334403,27.0,29.0,,,,,,,,,,
EG,2022-08-14,Q79,Egypt,0.0,0.0,102334403,27.0,29.0,,,,,,,,,,
EG,2022-08-15,Q79,Egypt,0.0,0.0,102334403,27.0,29.0,,,,,,,,,,
EG,2022-08-16,Q79,Egypt,0.0,0.0,102334403,27.0,29.0,,,,,,,,,,
EG,2022-08-17,Q79,Egypt,0.0,0.0,102334403,27.0,29.0,,,,,,,,,,
EG,2022-08-18,Q79,Egypt,0.0,0.0,102334403,27.0,29.0,,,,,,,,,,
EG,2022-08-19,Q79,Egypt,0.0,0.0,102334403,27.0,29.0,,,,,,,,,,
EG,2022-08-20,Q79,Egypt,66.0,5.0,102334403,27.0,29.0,,,,,,,,,,
EG,2022-08-21,Q79,Egypt,0.0,0.0,102334403,27.0,29.0,,,,,,,,,,
EG,2022-08-22,Q79,Egypt,0.0,0.0,102334403,27.0,29.0,,,,,,,,,,
EG,2022-08-23,Q79,Egypt,0.0,0.0,102334403,27.0,29.0,,,,,,,,,,
EG,2022-08-24,Q79,Egypt,0.0,0.0,102334403,27.0,29.0,,,,,,,,,,
EG,2022-08-25,Q79,Egypt,0.0,0.0,102334403,27.0,29.0,,,,,,,,,,
EG,2022-08-26,Q79,Egypt,0.0,0.0,102334403,27.0,29.0,,,,,,,,,,
EG,2022-08-27,Q79,Egypt,44.0,3.0,102334403,27.0,29.0,,,,,,,,,,
EG,2022-08-28,Q79,Egypt,0.0,0.0,102334403,27.0,29.0,,,,,,,,,,
EG,2022-08-29,Q79,Egypt,0.0,0.0,102334403,27.0,29.0,,,,,,,,,,
EG,2022-08-30,Q79,Egypt,0.0,0.0,102334403,27.0,29.0,,,,,,,,,,
EG,2022-08-31,Q79,Egypt,0.0,0.0,102334403,27.0,29.0,,,,,,,,,,
EG,2022-09-01,Q79,Egypt,0.0,0.0,102334403,27.0,29.0,,,,,,,,,,
EG,2022-09-02,Q79,Egypt,0.0,0.0,102334403,27.0,29.0,,,,,,,,,,
EG,2022-09-03,Q79,Egypt,27.0,2.0,102334403,27.0,29.0,,,,,,,,,,
EG,2022-09-04,Q79,Egypt,0.0,0.0,102334403,27.0,29.0,,,,,,,,,,
EG,2022-09-05,Q79,Egypt,0.0,0.0,102334403,27.0,29.0,,,,,,,,,,
EG,2022-09-06,Q79,Egypt,0.0,0.0,102334403,27.0,29.0,,,,,,,,,,
EG,2022-09-07,Q79,Egypt,0.0,0.0,102334403,27.0,29.0,,,,,,,,,,
EG,2022-09-08,Q79,Egypt,0.0,0.0,102334403,27.0,29.0,,,,,,,,,,
EG,2022-09-09,Q79,Egypt,0.0,0.0,102334403,27.0,29.0,,,,,,,,,,
EG,2022-09-10,Q79,Egypt,13.0,0.0,102334403,27.0,29.0,,,,,,,,,,
EG,2022-09-11,Q79,Egypt,0.0,0.0,102334403,27.0,29.0,,,,,,,,,,
EG,2022-09-12,Q79,Egypt,0.0,0.0,102334403,27.0,29.0,,,,,,,,,,
EG,2022-09-13,Q79,Egypt,0.0,0.0,102334403,27.0,29.0,,,,,,,,,,
EG,2022-09-14,Q79,Egypt,,,102334403,27.0,29.0,,,,,,,,,,
EG,2022-09-15,Q79,Egypt,,,102334403,27.0,29.0,,,,,,,,,,
EG,2022-09-16,Q79,Egypt,,,102334403,27.0,29.0,,,,,,,,,,
EG,2022-09-17,Q79,Egypt,,,102334403,27.0,29.0,,,,,,,,,,
